Уникальный номер|Наименование объекта нефинансового актива|Номер (код) объекта учета (инвентарный или иной)|Единица измерения|цена (оценочная стоимость), руб|количество|сумма, руб.|номер (код) счета|Примечание|Номер документа|Дата|Cтатус|Закреплен|Категория
0001-1|002 Стул ISO крашенный к/зам. чёрный|21450__4|шт.|672.0|3.0|2016.0|1.21.36||21.0||||Мебель
0002-1|Flash память 16Гб (СП) TS16GJF600|С003125643|шт.|1950.0|1.0|1950.0|1.21.38|б/н|21.0||||Накопитель
0002-2|Flash память 16Гб (СП) TS16GJF600|С003125644|шт.|1950.0|1.0|1950.0|1.21.38|б/н|21.0||||Накопитель
0002-3|Flash память 16Гб (СП) TS16GJF600|С003125645|шт.|1950.0|1.0|1950.0|1.21.38|б/н|21.0||||Накопитель
0002-4|Flash память 16Гб (СП) TS16GJF600|С003125646|шт.|1950.0|1.0|1950.0|1.21.38|б/н|21.0||||Накопитель
0002-5|Flash память 16Гб (СП) TS16GJF600|С003125647|шт.|1950.0|1.0|1950.0|1.21.38|б/н|21.0||||Накопитель
0002-6|Flash память 32 Гб (СП) TS32GJF600|С003125582|шт.|830.0|1.0|830.0|1.21.38|б/н|21.0||||Накопитель
0002-7|Flash память 32 Гб (СП) TS32GJF600|С003125583|шт.|830.0|1.0|830.0|1.21.38|б/н|21.0||||Накопитель
0002-8|USB-Flash  Kingston Data Trаvaler 32Gb (СП и СИ)|00-000000000017039|шт.|1288.0|1.0|1288.0|1.21.38||21.0|2018.0|||Накопитель
0002-9|USB2.0 Flash Drive 4 Gb. (СП)|С003130589|шт.|500.0|1.0|500.0|1.21.38|б/н|21.0||||Накопитель
0002-10|USB2.0 Flash Drive 4 Gb. (СП)|С003130590|шт.|500.0|1.0|500.0|1.21.38|б/н|21.0||||Накопитель
0003-1|ZPAS SZBSE-1718-51-2 RAL 9005 Стационарная полка|00005064|шт.|1564.92|1.0|1564.92|1.21.34|б/н|21.0|2007.0|||Прочее
0003-2|ZPAS SZBSE-1718-51-2 RAL 9005 Стационарная полка|00005065|шт.|1564.92|1.0|1564.92|1.21.34|б/н|21.0|2007.0|||Прочее
0001-2|ZPAS WZ-3987-01-01-161 Шкаф напольный серии SJB, 19- дюймовый ( 19) 10U|1013415500|шт.|13835.0|1.0|13835.0|07060000000000000.1.101.34.000|б/н|101.0|2015.0|||Мебель
0004-1|Автоматизированное рабочее место ( тип 1) ( Сп и СИ) в составе:|1013417545|шт.|153120.0|1.0|153120.0|07060000000000000.1.101.34.000||101.0|2017.0|||Рабочее место
0004-2|Автоматизированное рабочее место ( тип 1) ( Сп и СИ) в составе:|1013417546|шт.|153120.0|1.0|153120.0|07060000000000000.1.101.34.000||101.0|2017.0|||Рабочее место
0004-3|Автоматизированное рабочее место ( тип 1) ( Сп и СИ) в составе:|1013417547|шт.|153120.0|1.0|153120.0|07060000000000000.1.101.34.000||101.0|2017.0|||Рабочее место
0004-4|Автоматизированное рабочее место ( тип 1) ( Сп и СИ) в составе:|1013417548|шт.|153120.0|1.0|153120.0|07060000000000000.1.101.34.000||101.0|2017.0|||Рабочее место
0004-5|Автоматизированное рабочее место ( тип 1) ( Сп и СИ) в составе:|1013417549|шт.|153120.0|1.0|153120.0|07060000000000000.1.101.34.000||101.0|2017.0|||Рабочее место
0004-6|Автоматизированное рабочее место ( тип 1) ( Сп и СИ) в составе:|1013417550|шт.|153120.0|1.0|153120.0|07060000000000000.1.101.34.000||101.0|2017.0|||Рабочее место
0004-7|Автоматизированное рабочее место ( тип 1) ( Сп и СИ) в составе:|1013417551|шт.|153120.0|1.0|153120.0|07060000000000000.1.101.34.000||101.0|2017.0|||Рабочее место
0004-8|Автоматизированное рабочее место ( тип 1) ( Сп и СИ) в составе:|1013417552|шт.|153120.0|1.0|153120.0|07060000000000000.1.101.34.000||101.0|2017.0|||Рабочее место
0004-9|Автоматизированное рабочее место ( тип 1) ( Сп и СИ) в составе:|1013417553|шт.|153120.0|1.0|153120.0|07060000000000000.1.101.34.000||101.0|2017.0|||Рабочее место
0004-10|Автоматизированное рабочее место ( тип 1) ( Сп и СИ) в составе:|1013417554|шт.|153120.0|1.0|153120.0|07060000000000000.1.101.34.000||101.0|2017.0|||Рабочее место
0004-11|Автоматизированное рабочее место ( тип 1) ( Сп и СИ) в составе:|1013417555|шт.|153120.0|1.0|153120.0|07060000000000000.1.101.34.000||101.0|2017.0|||Рабочее место
0004-12|Автоматизированное рабочее место ( тип 1) ( Сп и СИ) в составе:|1013417556|шт.|153120.0|1.0|153120.0|07060000000000000.1.101.34.000||101.0|2017.0|||Рабочее место
0004-13|Автоматизированное рабочее место ( тип 1) ( Сп и СИ) в составе:|1013417557|шт.|153120.0|1.0|153120.0|07060000000000000.1.101.34.000||101.0|2017.0|||Рабочее место
0004-14|Автоматизированное рабочее место ( тип 2) (Сп и СИ) в составе:|1013417558|шт.|165940.0|1.0|165940.0|07060000000000000.1.101.34.000||101.0|2017.0|||Рабочее место
0005-1|Аккумуляторная батарея АРС RBC 55 (заключение по результатам СП от 28.12.2021 № 149/5/3-2036)|Н 31/3/1414|шт|21211.8|2.0|42423.6|07060000000000000.1.105.36.000||105.0||||Электроника
0005-2|Аккумуляторная батарея для источника бесперебойного питания APC для APC BP650I, APC SUVS650I|С306204|шт|5677.49|4.0|22709.96|07060000000000000.1.105.36.000||105.0||||Электроника
0005-3|Аккумуляторная батарея для источника бесперебойного питания APC для APC SRT10KRMXLI, APC SRT192RMBP2, SRT5KXLI|С306204|шт|2077.4|6.0|12464.4|07060000000000000.1.105.36.000||105.0||||Электроника
0006-1|Акустическая система Apart Mask6|1013415402|шт.|2500.0|1.0|2500.0|1.21.34|б/н|21.0|2015.0|||Аудио и видео оборудование
0006-2|Акустическая система Apart Mask6|1013415403|шт.|2500.0|1.0|2500.0|1.21.34|б/н|21.0|2015.0|||Аудио и видео оборудование
0006-3|Акустическая система PureAcoustics JUNIOR S&C|00004028|шт.|4970.0|1.0|4970.0|07060000000000000.1.101.34.000|GHMP019626YY|101.0|2007.0|||Аудио и видео оборудование
0007-1|АП Обруч-М Интернет РМАГ.466453.060 ТУ конфигурация 2, комплектации 1.|1013425655|шт.|258105.94|1.0|258105.94|07060000000000000.1.101.34.000|2002|101.0||||АП
0008-1|АРМ  в составе: Сист. блок Kraftway Credo Pro KW16, монитор 22 NEC. ИБП APC BR 1100CI-RS|1013410885|шт.|307858.36|1.0|307858.36|07060000000000000.1.101.34.000|c/б 001062, монитор 8Х300267NB,клав ZCE86420, мышь 080900, ИБП JB084302|101.0||||Компьютерная техника
0008-2|АРМ  в составе: Сист. блок Kraftway Credo Pro KW16, монитор 22 NEC. ИБП APC BR 1100CI-RS|1013410861|шт.|307858.36|1.0|307858.36|07060000000000000.1.101.34.000|c/б 001062, монитор 8Х300362NB,клав ZCE86430, мышь 080900, ИБП JB084302|101.0||||Компьютерная техника
0008-3|АРМ  в составе: Сист. блок Kraftway Credo Pro KW16, монитор 22 NEC. ИБП APC BR 1100CI-RS|1013410862|шт.|307858.36|1.0|307858.36|07060000000000000.1.101.34.000|c/б 001062, монитор 8Х300355NB,клав ZCE86430, мышь 080900, ИБП JB084302|101.0||||Компьютерная техника
0008-4|АРМ  в составе: Сист. блок Kraftway Credo Pro KW16, монитор 22 NEC. ИБП APC BR 1100CI-RS|1013410863|шт.|307858.36|1.0|307858.36|07060000000000000.1.101.34.000|c/б 001062, монитор 8Х300390NB,клав ZCE86430, мышь 080900, ИБП JB084302|101.0||||Компьютерная техника
0008-5|АРМ  в составе: Сист. блок Kraftway Credo Pro KW16, монитор 22 NEC. ИБП APC BR 1100CI-RS|1013410864|шт.|307858.36|1.0|307858.36|07060000000000000.1.101.34.000|c/б 001062, монитор 8Х300352NB,клав ZCE86430, мышь 080900, ИБП JB084302|101.0||||Компьютерная техника
0008-6|АРМ  в составе: Сист. блок Kraftway Credo Pro KW16, монитор 22 NEC. ИБП APC BR 1100CI-RS|1013410865|шт.|307858.36|1.0|307858.36|07060000000000000.1.101.34.000|c/б 001062, монитор 8Х300353NB,клав ZCE86430 мышь 080900, ИБП JB084302|101.0||||Компьютерная техника
0008-7|АРМ  в составе: Сист. блок Kraftway Credo Pro KW16, монитор 22 NEC. ИБП APC BR 1100CI-RS|1013410866|шт.|307858.36|1.0|307858.36|07060000000000000.1.101.34.000|c/б 001062, монитор 8Х300386NB,клав ZCE86430, мышь 080900, ИБП JB084302|101.0||||Компьютерная техника
0008-8|АРМ  в составе: Сист. блок Kraftway Credo Pro KW16, монитор 22 NEC. ИБП APC BR 1100CI-RS|1013410867|шт.|307858.36|1.0|307858.36|07060000000000000.1.101.34.000|c/б 001062, монитор 8Х300367NB,клав ZCE86430, мышь 080900, ИБП JB084302|101.0||||Компьютерная техника
0008-9|АРМ  в составе: Сист. блок Kraftway Credo Pro KW16, монитор 22 NEC. ИБП APC BR 1100CI-RS|1013410868|шт.|307858.36|1.0|307858.36|07060000000000000.1.101.34.000|c/б 001062, монитор 8Х300385NB,клав ZCE86430, мышь 080900, ИБП JB084302|101.0||||Компьютерная техника
0008-10|АРМ  в составе: Сист. блок Kraftway Credo Pro KW16, монитор 22 NEC. ИБП APC BR 1100CI-RS|1013410869|шт.|307858.36|1.0|307858.36|07060000000000000.1.101.34.000|c/б 001062, монитор 8Х300368NB,клав ZCE86430, мышь 080900, ИБП JB084302|101.0||||Компьютерная техника
0008-11|АРМ  в составе: Сист. блок Kraftway Credo Pro KW16, монитор 22 NEC. ИБП APC BR 1100CI-RS|1013410870|шт.|307858.36|1.0|307858.36|07060000000000000.1.101.34.000|c/б 001062, монитор 8Х300363NB,клав ZCE86430, мышь 080900, ИБП JB084302|101.0||||Компьютерная техника
0008-12|АРМ  в составе: Сист. блок Kraftway Credo Pro KW16, монитор 22 NEC. ИБП APC BR 1100CI-RS|1013410871|шт.|307858.36|1.0|307858.36|07060000000000000.1.101.34.000|c/б 001062, монитор 8Х300364NB,клав ZCE86420, мышь 080900, ИБП JB084302|101.0||||Компьютерная техника
0008-13|АРМ  в составе: Сист. блок Kraftway Credo Pro KW16, монитор 22 NEC. ИБП APC BR 1100CI-RS|1013410872|шт.|307858.36|1.0|307858.36|07060000000000000.1.101.34.000|c/б 001062, монитор 8Х300384NB,клав ZCE86420, мышь 080900 ИБП JB084302|101.0||||Компьютерная техника
0008-14|АРМ в составе:ПЭВМ :Aquarius Pro P30 S50: APM Aquarius Pro P30 S50|1013410663|шт.|54600.0|1.0|54600.0|07060000000000000.1.101.34.000|С/Б 212092106-; МОНИТОР ETLC30814720903F20420A; ИБП 5S1213T1;МФУ 319223|101.0||||Компьютерная техника
0004-15|АРМ Рубеж Гамма БАУР. 466539.014 СП и СИ|1013420740|шт.|154880.0|1.0|154880.0|07060000000000000.1.101.34.000|с/б НР-СZC8077ZMX, мон. ЖК Asus-J1JMQS12, ИБП СуberPower-1LК7Х300|101.0||||Рабочее место
0004-16|АРМ Рубеж Гамма БАУР. 466539.014 СП и СИ|1013420742|шт.|154880.0|1.0|154880.0|07060000000000000.1.101.34.000|с/б НР-СZC8077ZLQC, мон. ЖК Asus-J2JMQS03, ИБП СуberPower-1LК7Х300|101.0||||Рабочее место
0004-17|АРМ Рубеж Гамма БАУР. 466539.014 СП и СИ|1013420746|шт.|154880.0|1.0|154880.0|07060000000000000.1.101.34.000|с/б НР-СZC8077ZQG, мон. ЖК Asus-J2JMQS03, ИБП СуberPower-1LК7Х300|101.0||||Рабочее место
0004-18|АРМ Рубеж Гамма БАУР. 466539.014 СП и СИ|1013420757|шт.|154880.0|1.0|154880.0|07060000000000000.1.101.34.000|с/б НР-СZC8077ZSZ, мон. ЖК Asus-J2JMQS03, ИБП СуberPower-1LК7Х300|101.0||||Рабочее место
0004-19|АРМ Рубеж Гамма БАУР. 466539.014 СП и СИ|1013420758|шт.|154880.0|1.0|154880.0|07060000000000000.1.101.34.000|с/б НР-СZC8077ZNF, мон. ЖК Asus-J1MQS12, ИБП СуberPower-1LК7Х300|101.0||||Рабочее место
0004-20|АРМ Рубеж Гамма БАУР. 466539.014 СП и СИ|1013420759|шт.|154880.0|1.0|154880.0|07060000000000000.1.101.34.000|с/б НР-СZC8077ZMS, мон. ЖК Asus-J2JMQS03, ИБП СуberPower-1LК7Х300|101.0||||Рабочее место
0004-21|АРМ Рубеж Гамма БАУР. 466539.014 СП и СИ|1013420761|шт.|154880.0|1.0|154880.0|07060000000000000.1.101.34.000|с/б НР-СZC8077ZT7, мон. ЖК Asus-J1JMQS12, ИБП СуberPower-1LК7Х300|101.0||||Рабочее место
0004-22|АРМ Рубеж Гамма БАУР. 466539.014 СП и СИ|1013420762|шт.|154880.0|1.0|154880.0|07060000000000000.1.101.34.000|с/б НР-СZC8077ZSF, мон. ЖК Asus-J2JMQS03, ИБП СуberPower-1LК7Х300|101.0||||Рабочее место
0004-23|АРМ Рубеж Гамма БАУР. 466539.014 СП и СИ|1013420808|шт.|154880.0|1.0|154880.0|07060000000000000.1.101.34.000|с/б НР-СZC8077ZK6, мон. ЖК Asus-J2LMQS03, ИБП СуberPower-1LК7Х300|101.0||||Рабочее место
0004-24|АРМ Рубеж Гамма БАУР. 466539.014 СП и СИ|1013420809|шт.|154880.0|1.0|154880.0|07060000000000000.1.101.34.000|с/б НР-СZC8077ZR7, мон. ЖК Asus-J1LMQS12, ИБП СуberPower-1LК7Х300|101.0||||Рабочее место
0004-25|АРМ Рубеж Гамма БАУР. 466539.014 СП и СИ|1013420810|шт.|154880.0|1.0|154880.0|07060000000000000.1.101.34.000|с/б НР-СZC8077ZTD, мон. ЖК Asus-J1LMQS12, ИБП СуberPower-1LК7Х300|101.0||||Рабочее место
0004-26|АРМ Рубеж Гамма БАУР. 466539.014 СП и СИ|1013420811|шт.|154880.0|1.0|154880.0|07060000000000000.1.101.34.000|с/б НР-СZC8077ZS5, мон. ЖК Asus-J2LMQS03, ИБП СуberPower-1LК7Х300|101.0||||Рабочее место
0004-27|АРМ Рубеж Гамма БАУР. 466539.014 СП и СИ|1013420812|шт.|154880.0|1.0|154880.0|07060000000000000.1.101.34.000|с/б НР-СZC8077S7, мон. ЖК Asus-J2LMQS03, ИБП СуberPower-1LК7Х300|101.0||||Рабочее место
0004-28|АРМ Рубеж Гамма БАУР. 466539.014 СП и СИ|1013420813|шт.|154880.0|1.0|154880.0|07060000000000000.1.101.34.000|с/б НР-СZC8077ZS2, мон. ЖК Asus-J2LMQS03, ИБП СуberPower-1LК7Х300|101.0||||Рабочее место
0004-29|АРМ Рубеж Гамма БАУР. 466539.014 СП и СИ|1013420814|шт.|154880.0|1.0|154880.0|07060000000000000.1.101.34.000|с/б НР-СZC8077ZS6, мон. ЖК Asus-J2LMQS03, ИБП СуberPower-1LК7Х300|101.0||||Рабочее место
0004-30|АРМ Рубеж Гамма БАУР. 466539.014 СП и СИ|1013420815|шт.|154880.0|1.0|154880.0|07060000000000000.1.101.34.000|с/б НР-СZC8077ZSY, мон. ЖК Asus-J2LMQS03, ИБП СуberPower-1LК7Х300|101.0||||Рабочее место
0004-31|АРМ Рубеж Гамма БАУР. 466539.014 СП и СИ|1013420816|шт.|154880.0|1.0|154880.0|07060000000000000.1.101.34.000|с/б НР-СZC8077ZK7, мон. ЖК Asus-J2LMQS03, ИБП СуberPower-1LК7Х300|101.0||||Рабочее место
0004-32|АРМ Рубеж Гамма БАУР. 466539.014 СП и СИ|1013420817|шт.|154880.0|1.0|154880.0|07060000000000000.1.101.34.000|с/б НР-СZC8077ZPZ, мон. ЖК Asus-J2LMQS03, ИБП СуberPower-1LК7Х300|101.0||||Рабочее место
0004-33|АРМ Рубеж Гамма БАУР. 466539.014 СП и СИ|1013420818|шт.|154880.0|1.0|154880.0|07060000000000000.1.101.34.000|с/б НР-СZC8077ZRD, мон. ЖК Asus-J2LMQS03, ИБП СуberPower-1LК7Х300|101.0||||Рабочее место
0004-34|АРМ Рубеж Гамма БАУР. 466539.014 СП и СИ|1013420819|шт.|154880.0|1.0|154880.0|07060000000000000.1.101.34.000|с/б НР-СZC8077ZQS, мон. ЖК Asus-J2LMQS03, ИБП СуberPower-1LК7Х300|101.0||||Рабочее место
0004-35|АРМ Рубеж Гамма БАУР. 466539.014 СП и СИ|1013420820|шт.|154880.0|1.0|154880.0|07060000000000000.1.101.34.000|с/б НР-СZC8077ZKM, мон. ЖК Asus-J2LMQS03, ИБП СуberPower-1LК7Х300|101.0||||Рабочее место
0004-36|АРМ Рубеж Гамма БАУР. 466539.014 СП и СИ|1013420821|шт.|154880.0|1.0|154880.0|07060000000000000.1.101.34.000|с/б НР-СZC8077ZQK, мон. ЖК Asus-J2LMQS03, ИБП СуberPower-1LК7Х300|101.0||||Рабочее место
0008-15|АРМ СП и СИ в с-ве:ПЭВМ Aquarius Srv T40 S19,Монитор NEC 17 175M, ИБП APC Smart-UPS SUA1000RMI1U,зв.карта,мышь, клав., прогр. обеспечение|1010400664|шт.|134548.03|1.0|134548.03|07060000000000000.1.101.34.000|б/н|101.0|2010.0|||Компьютерная техника
0008-16|арм сп и си в составе aquarius pro g40 s38(mdt_450/ci7_3820/4ddr3 4096/q600/ssd120/s1000_7200/sb/nic/kmopt/drw/w7p/mpe10) 24 жк монитор benq gl2450hm (lcd wide 1920*1080 d-sub dvi hdmi)  ибп ups 620va smart apc <sc620i>|1013412981|шт.|72535.5|1.0|72535.5|07060000000000000.1.101.34.000|с/б 213090543-, мон ETN5D0014, ИБП 5S1322T1, клав 901992106996, мышь 9021376071991|101.0||||Компьютерная техника
0008-17|арм сп и си в составе aquarius pro g40 s38(mdt_450/ci7_3820/4ddr3 4096/q600/ssd120/s1000_7200/sb/nic/kmopt/drw/w7p/mpe10) 24 жк монитор benq gl2450hm (lcd wide 1920*1080 d-sub dvi hdmi)  ибп ups 620va smart apc <sc620i>|1013412982|шт.|72535.5|1.0|72535.5|07060000000000000.1.101.34.000|с/б 213090543-, мон ETN5D0484, ИБП 5S1322T1, клав 901992106996, мышь 9021376071991|101.0||||Компьютерная техника
0008-18|арм сп и си в составе aquarius pro g40 s38(mdt_450/ci7_3820/4ddr3 4096/q600/ssd120/s1000_7200/sb/nic/kmopt/drw/w7p/mpe10) 24 жк монитор benq gl2450hm (lcd wide 1920*1080 d-sub dvi hdmi)  ибп ups 620va smart apc <sc620i>|1013412983|шт.|72535.5|1.0|72535.5|07060000000000000.1.101.34.000|с/б 213090543-, мон ETN5D0302, ИБП 5S1322T1, клав 901992106996, мышь 9021376071991|101.0||||Компьютерная техника
0008-19|арм сп и си в составе aquarius pro g40 s38(mdt_450/ci7_3820/4ddr3 4096/q600/ssd120/s1000_7200/sb/nic/kmopt/drw/w7p/mpe10) 24 жк монитор benq gl2450hm (lcd wide 1920*1080 d-sub dvi hdmi)  ибп ups 620va smart apc <sc620i>|1013412984|шт.|72535.5|1.0|72535.5|07060000000000000.1.101.34.000|с/б 213090543-, мон ETN5D0567, ИБП 5S1322T1, клав 901992106996, мышь 9021376071991|101.0||||Компьютерная техника
0008-20|арм сп и си в составе aquarius pro g40 s38(mdt_500/ci7_3820/4ddr3 4096/q600/ssd120/s1000_7200/sb/nic/kmopt/drw/w7p/mpe10) 24 жк монитор benq gl2450hm  ибп ups 620va smart apc <sc620i> мфу hp laser jet pro m1132|1013412976|шт.|79699.5|1.0|79699.5|07060000000000000.1.101.34.000|с/б 213091743-, мон ETN5D0594,МФУ CNG9CC8RCZ, ИБП 5S1322T1, клав 901992106996, мышь 9021376071991|101.0||||Компьютерная техника
0008-21|арм сп и си в составе aquarius pro g40 s38(mdt_500/ci7_3820/4ddr3 4096/q600/ssd120/s1000_7200/sb/nic/kmopt/drw/w7p/mpe10) 24 жк монитор benq gl2450hm  ибп ups 620va smart apc <sc620i> мфу hp laser jet pro m1132|1013412977|шт.|79699.5|1.0|79699.5|07060000000000000.1.101.34.000|с/б 213091743-, мон ETN5D0269,МФУ CNG8F6327S, ИБП 5S1322T0, клав 901992106996, мышь 9021376071991|101.0||||Компьютерная техника
0002-11|АРМ тип № 1  (в составе: Рабочая станция РАМЭК (в составе: Case ATX Thermaltake Versa H25 2F120/1U2.0/1U3.0 без БП CA-1C2-00M1NN-00 - 1 шт, CPU Intel Core i5 9600K 3.7/6core/9M/8GT/s +V 1151v2 tray 95W - 1 шт, HDD 1.0Tb Seagate ST1000NM0008 7200/128Mb SATA-III - 1шт, Cooler  S115* (i7&i5&i3) PWM 95W крепление на винтах - 1 шт, Memory Kingston DDR4 DIMM 8Gb PC4-21300/2666 - 2 шт, DVD+/-RW ASUS DRW-24D5MT/BLK/B/AS Black SATA OEM - 1 шт, Power Supply 750W APFC/F14 Cooler Master MWE 750 Bronze - V2 80+ Bronze - 1 шт, AT-2914SX/SC Сетевой адаптер PCI-E - 1шт, MB GIGABYTE H370 HD3 4xD4 A/GL/R/VGA/DVI/HDMI ATX S1151v2 - 1 шт, ПАК Соболь. Версия 3.2, PCI-E. Исполнение 2 за 51-250 комплектов, фсб - 1шт) - 1шт, Устройство блокировки питания для механизма сторожевого таймера - 1 шт, Идентификатор iButton DS1994 - 2 шт, Считыватель iButton внешний - 1 шт, Keyboard+Mouse Microsoft Wired Desktop 600 USB bl - 1 шт,  Monitor Asus 23.8 VA24EHE 100M:1/1920x1080/178x178/250cd/5ms/VGA/HDMI/DVI/LED/black|1013432866|шт.|152046.18|1.0|152046.18|07060000000000000.1.101.34.000|3695L04B46 |101.0|2021.0|||Накопитель
0002-12|АРМ тип № 1  (в составе: Рабочая станция РАМЭК (в составе: Case ATX Thermaltake Versa H25 2F120/1U2.0/1U3.0 без БП CA-1C2-00M1NN-00 - 1 шт, CPU Intel Core i5 9600K 3.7/6core/9M/8GT/s +V 1151v2 tray 95W - 1 шт, HDD 1.0Tb Seagate ST1000NM0008 7200/128Mb SATA-III - 1шт, Cooler  S115* (i7&i5&i3) PWM 95W крепление на винтах - 1 шт, Memory Kingston DDR4 DIMM 8Gb PC4-21300/2666 - 2 шт, DVD+/-RW ASUS DRW-24D5MT/BLK/B/AS Black SATA OEM - 1 шт, Power Supply 750W APFC/F14 Cooler Master MWE 750 Bronze - V2 80+ Bronze - 1 шт, AT-2914SX/SC Сетевой адаптер PCI-E - 1шт, MB GIGABYTE H370 HD3 4xD4 A/GL/R/VGA/DVI/HDMI ATX S1151v2 - 1 шт, ПАК Соболь. Версия 3.2, PCI-E. Исполнение 2 за 51-250 комплектов, фсб - 1шт) - 1шт, Устройство блокировки питания для механизма сторожевого таймера - 1 шт, Идентификатор iButton DS1994 - 2 шт, Считыватель iButton внешний - 1 шт, Keyboard+Mouse Microsoft Wired Desktop 600 USB bl - 1 шт,  Monitor Asus 23.8 VA24EHE 100M:1/1920x1080/178x178/250cd/5ms/VGA/HDMI/DVI/LED/black|1013432867|шт.|152046.18|1.0|152046.18|07060000000000000.1.101.34.000|3754L04B46 |101.0|2021.0|||Накопитель
0001-3|АТ-09 Шкаф для одежды 2-х дверный, бук|1013614097|шт.|7063.76|1.0|7063.76|07060000000000000.1.101.36.000||101.0|2013.0|||Мебель
0001-4|АТ-09 Шкаф для одежды 2-х дверный, бук|1013614098|шт.|7063.76|1.0|7063.76|07060000000000000.1.101.36.000||101.0|2013.0|||Мебель
0001-5|АТ-09 Шкаф для одежды 2-х дверный, бук|1013614099|шт.|7063.76|1.0|7063.76|07060000000000000.1.101.36.000||101.0|2013.0|||Мебель
0001-6|АТ-09 Шкаф для одежды 2-х дверный, бук|1013614100|шт.|7063.76|1.0|7063.76|07060000000000000.1.101.36.000||101.0|2013.0|||Мебель
0001-7|АТ-10 Шкаф канцелярский 2-х секционный со стеклом, бук|1013614117|шт.|6298.28|1.0|6298.28|07060000000000000.1.101.36.000||101.0|2013.0|||Мебель
0001-8|АТ-10 Шкаф канцелярский 2-х секционный со стеклом, бук|1013614118|шт.|6298.28|1.0|6298.28|07060000000000000.1.101.36.000||101.0|2013.0|||Мебель
0001-9|АТ-10 Шкаф канцелярский 2-х секционный со стеклом, бук|1013614119|шт.|6298.28|1.0|6298.28|07060000000000000.1.101.36.000||101.0|2013.0|||Мебель
0001-10|АТ-10 Шкаф канцелярский 2-х секционный со стеклом, бук|1013614120|шт.|6298.28|1.0|6298.28|07060000000000000.1.101.36.000||101.0|2013.0|||Мебель
0006-4|Аудиосистема (ауд. № 432 корп. № 9) в составе: акустическая система Apart OVO8T-W -2 шт., цифровая аудио платформа, 8x8 SYMETRIX Solus 8 -1 шт., усилитель мощности, стерео, 400 Вт, Crown XLi 1500 -1 шт.|1013426247|шт.|260814.67|1.0|260814.67|07060000000000000.1.101.34.000|пл. 80-0059AEU131, ус. 1101005|101.0||||Аудио и видео оборудование
0006-5|Аудиосистема (ауд. № 434 корп. № 9) в составе: акустическая система Apart OVO8T-W -2 шт., цифровая аудио платформа, 8x8 SYMETRIX Solus 8 -1 шт., усилитель мощности, стерео, 400 Вт, Crown XLi 1500 -1 шт.|1013426248|шт.|260814.67|1.0|260814.67|07060000000000000.1.101.34.000|пл. 80-0059AEU131, ус. 1101005|101.0||||Аудио и видео оборудование
0001-11|Банкетка мягкая к/зам. чёрный|21449__4|шт.|591.7|3.0|1775.1|1.21.36||21.0||||Мебель
0009-1|Бейдж 120х87мм металл зажим/булавка|БУ-00288185|упак|411.89|20.0|8237.8|07060000000000000.1.105.36.000||105.0||||Офисные принадлежности
0005-4|Блок питания 800W ATX FSP Epsilon 80+800 RTL (ATX 20+4 pin rev.2.2 12V 120mm fan Active PFC) (СП)|н 31/2/50|шт|4000.0|1.0|4000.0|07060000000000000.1.105.36.000||105.0||||Электроника
0005-5|Блок питания FSP - 450|н./31/2/471|шт|1637.6|1.0|1637.6|07060000000000000.1.105.36.000||105.0||||Электроника
0010-1|Блок фотобарабана Cactus CS-CF219A черный ч/б:12000стр для M104a Pro/M104w Pro/M132f Pro/M132fn Pro|БУ-00290637|шт|790.9|4.0|3163.6|07060000000000000.1.105.36.000||105.0||||Расходные материалы
0009-2|Брошюровочная машина Feiiowes PB 2450|00003944|шт.|10800.0|1.0|10800.0|07060000000000000.1.101.34.000|б/н|101.0|2008.0|||Офисные принадлежности
0009-3|Бумага цветная IG COLOR(A4, 80г, MG28-зеленый) пачка 500л|ПА 389|шт.|670.78|2.0|1341.56|07060000000000000.1.105.36.000||105.0||||Офисные принадлежности
0009-4|Бумага цветная IG COLOR(A4, 80г, YE23-желтый) пачка 500л|ПА 389|шт.|670.78|2.0|1341.56|07060000000000000.1.105.36.000||105.0||||Офисные принадлежности
0009-5|Бумага цветная IG COLOR(A4, 80г, МВ30-голубой) пачка 500л|ПА 389|шт.|670.78|3.0|2012.34|07060000000000000.1.105.36.000||105.0||||Офисные принадлежности
0009-6|Бумага цветная IG COLOR(A4, 80г, ОРI74-розовый фламинго) пачка 500л|ПА 389|шт.|670.78|2.0|1341.56|07060000000000000.1.105.36.000||105.0||||Офисные принадлежности
0011-1|Бумагорезательная машина SСX7731М СП и СИ|1013418991|шт.|177000.0|1.0|177000.0|07060000000000000.1.101.34.000|123|101.0||||Офисное оборудование
0011-2|Бумагоуничтожающая машина Securex SCX6502 (Заключение по результатам СП №149/5/2/2280 от 22.09.2021, заключение по резудьтатам  СИ № 149/5/3/1468 от 30.09.2021|1013432593|шт.|123501.53|1.0|123501.53|07060000000000000.1.101.34.000|154|101.0||||Офисное оборудование
0011-3|Бумагоуничтожающая машина Securex SCX6502 (Заключение по результатам СП №149/5/2/2280 от 22.09.2021, заключение по резудьтатам  СИ № 149/5/3/1468 от 30.09.2021|1013432598|шт.|123501.53|1.0|123501.53|07060000000000000.1.101.34.000|154|101.0||||Офисное оборудование
0011-4|Бумагоуничтожающая машина Securex SCX6502 Страна происхождения Германия (Заключение по результатам СП № 149/5/2/1458 от 23.07.2020, заключение по результатам СИ № 149/5/3/1273 от 11.08.2020)|1013425545|шт.|100637.01|1.0|100637.01|07060000000000000.1.101.34.000|144|101.0||||Офисное оборудование
0011-5|Бумагоуничтожающая машина Securex SCX6502 Страна происхождения Германия|1013425681|шт.|100637.01|1.0|100637.01|07060000000000000.1.101.34.000|144|101.0||||Офисное оборудование
0011-6|бумагоуничтожительная машина Eba 1125c  с сп и си|1013413334|шт.|20000.0|1.0|20000.0|07060000000000000.1.101.34.000|635|101.0||||Офисное оборудование
0011-7|бумагоуничтожительная машина Eba 1125c  с сп и си|1013413335|шт.|20000.0|1.0|20000.0|07060000000000000.1.101.34.000|635|101.0||||Офисное оборудование
0001-12|Ведро оцинкованное 12 л.|00-000000000038494|шт.|174.0|1.0|174.0|1.21.36||21.0||||Мебель
0001-13|Ведро оцинкованное 12 л.|00-000000000038495|шт.|174.0|1.0|174.0|1.21.36||21.0||||Мебель
0001-14|Ведро оцинкованное 12 л.|00-000000000038496|шт.|174.0|1.0|174.0|1.21.36||21.0||||Мебель
0001-15|Ведро оцинкованное 12 л.|00-000000000038497|шт.|174.0|1.0|174.0|1.21.36||21.0||||Мебель
0002-13|Вертикальный накопитель|БУ-00288184|шт|126.02|10.0|1260.2|07060000000000000.1.105.36.000||105.0||||Накопитель
0001-16|Вешалка напольная ТММ, на блине, чёрная|05110106000602|шт.|1548.8|2.0|3097.6|1.02.36||2.0||||Мебель
0001-17|Вешалка напольная|1013613369|шт.|3735.0|1.0|3735.0|07060000000000000.1.101.36.000||101.0|2013.0|||Мебель
0008-22|Видеокарта  Asus TUF-RTX3090-24G-GAMING 24GB GDDR6X 384bit 2xHDMI 3xDP|БУ-00285454|шт|1067448.06|1.0|1067448.06|07060000000000000.1.105.36.000||105.0||||Компьютерная техника
0012-1|Видеопроектор  Panasonic PT-D6000EK с СП|1010402426|шт.|280000.0|1.0|280000.0|07060000000000000.1.101.34.000|SH961|101.0||||Проекционное оборудование
0012-2|Видеопроектор Panasonic PT-D5700E|410104001640|шт.|286192.62|1.0|286192.62|07060000000000000.1.101.34.000|SH863|101.0||||Проекционное оборудование
0012-3|Видеопроектор Panasonic PTL B20SE|00001423|шт.|45936.0|1.0|45936.0|07060000000000000.1.101.34.000|SB546|101.0||||Проекционное оборудование
0012-4|Видеопроектор Panasonic PTL B20SE|00001424|шт.|45936.0|1.0|45936.0|07060000000000000.1.101.34.000|C525|101.0||||Проекционное оборудование
0002-14|Внешний жесткий диск Transcend 500 GB|1013800828|шт.|3518.76|1.0|3518.76|07060000000000000.1.101.38.000|41-|101.0||||Накопитель
0002-15|Диски DVD+-R VS DVD-R|БУ-00287945|шт|52.47|100.0|5247.05|07060000000000000.1.105.36.000||105.0||||Накопитель
0006-6|Документ-камера AverVision F17-8M|1013424745|шт.|37278.0|1.0|37278.0|07060000000000000.1.101.34.000|530902910|101.0||||Аудио и видео оборудование
0003-3|Доска ДА-32|БУ-000000000044870|шт.|4099.0|1.0|4099.0|1.21.36||21.0||||Прочее
0003-4|Доска интерактивная SmartBoard 660 (CП)|1010402404|шт.|65000.0|1.0|65000.0|07060000000000000.1.101.34.000|С00311|101.0||||Прочее
0003-5|Доска маркерная Medinm Standart 120*200|1010600527|шт.|11500.0|1.0|11500.0|07060000000000000.1.101.36.000||101.0||||Прочее
0003-6|Доска маркерная Medinm Standart 120*200|1010600528|шт.|11500.0|1.0|11500.0|07060000000000000.1.101.36.000||101.0||||Прочее
0003-7|Жалюзи|3_10167240|шт.|3678.95|1.0|3678.95|07060000000000000.1.101.38.000|б/н|101.0|2006.0|||Прочее
0003-8|Жалюзи|3_10167241|шт.|3678.95|1.0|3678.95|07060000000000000.1.101.38.000|б/н|101.0|2006.0|||Прочее
0003-9|Жалюзи|3_10167242|шт.|3678.95|1.0|3678.95|07060000000000000.1.101.38.000|б/н|101.0|2006.0|||Прочее
0003-10|Жалюзи|3_10167249|шт.|3678.95|1.0|3678.95|07060000000000000.1.101.38.000|б/н|101.0|2006.0|||Прочее
0003-11|Жалюзи|3_10167250|шт.|3678.95|1.0|3678.95|07060000000000000.1.101.38.000|б/н|101.0|2006.0|||Прочее
0013-1|Жидкокристалический телевизор Panasonic TX-R32LX80 со СП|410104001720|шт.|18651.0|1.0|18651.0|07060000000000000.1.101.34.000|TX-R32LX80KS|101.0|2009.0|||Бытовая техника
0002-16|Зап Обруч-ап2 для размещения в выделенных помещениях 2-3 категории в составе:корпус midi tower  с блоком питания 620w. процессор cpu intel core i3-3220 3.3 ггц/2core/svga/lga1155 материнская плата asus p8z77-vlx оперативная память ddr-iii dimm 4 gb kit 2*2gb жесткий диск 1,0tb sata iii оптический|1013413305|шт.|172044.0|1.0|172044.0|07060000000000000.1.101.34.000|c/б 1311, мон D5LMTF13, клав К, мышь М|101.0||||Накопитель
0007-2|Зап Обруч-ап2 для размещения в выделенных помещениях 2-3 категории в составе|1013413306|шт.|172044.0|1.0|172044.0|07060000000000000.1.101.34.000|1311|101.0||||АП
0014-1|Защищенное рабочее место доступа к сетям общего пользования типа Струна-КП на базе ПК Интернет-РС (СП и СИ по 2 кат):С/б Hewlett Packard P3010;Мон|1010402234|шт.|172400.0|1.0|172400.0|07060000000000000.1.101.34.000|с/б №CZ0030JWH, м№CZ4004, кол.№ZF893160|101.0||||Специальное оборудование
0014-2|Изделие ЩИТ-ИВС|1013415191|шт.|510000.0|1.0|510000.0|07060000000000000.1.101.34.000|Б/Н|101.0|2015.0|||Специальное оборудование
0003-12|интерактивная система smart board sbx885 with uf70w projector smt с расширенной панелью управления|1013413743|шт.|246512.0|1.0|246512.0|07060000000000000.1.101.34.000|доска SBB885-M2-A00 проектор B012FI05R  ибп 5B1334T0|101.0||||Прочее
0009-7|Информационные карманы со скотчем А4 вертикальные|ОС00269191|шт|70.0|15.0|1050.0|07060000000000000.1.105.36.000||105.0||||Офисные принадлежности
0005-6|Источник бесперебойного питания APC Back-UPC Pro BR 1600VA, 8 Outlets, AVR, LCD|1013433043|шт.|39076.4|1.0|39076.4|07060000000000000.1.101.34.000|4B2011P1|101.0||||Электроника
0005-7|Источник бесперебойного питания APC Back-UPC Pro BR 1600VA, 8 Outlets, AVR, LCD|1013433044|шт.|39076.4|1.0|39076.4|07060000000000000.1.101.34.000|4B2011P0|101.0||||Электроника
0005-8|Источник бесперебойного питания APC Smart-UPS 2000VA 230V Rackmount/Tower СП и СИ|1013401004|шт.|30000.0|1.0|30000.0|07060000000000000.1.101.34.000|б/н|101.0|2011.0|||Электроника
0005-9|Источник бесперебойного питания APC Smart-UPS RT 2000 VA RM 230V SURT2000RMXLI|1013413037|шт.|38000.0|1.0|38000.0|07060000000000000.1.101.34.000|Q5131224|101.0||||Электроника
0005-10|Источник бесперебойного питания Eaton 9130 1000 с СП и СИ|1010400528|шт.|13801.36|1.0|13801.36|07060000000000000.1.101.34.000|GD302A|101.0||||Электроника
0005-11|Источник бесперебойного питания Eaton 9130 1000 с СП и СИ|1010400529|шт.|13801.36|1.0|13801.36|07060000000000000.1.101.34.000|GD297A|101.0||||Электроника
0005-12|Источник бесперебойного питания Eaton 9130 700 с СП и СИ|1010400433|шт.|13801.36|1.0|13801.36|07060000000000000.1.101.34.000|GD274A|101.0||||Электроника
0008-23|К-т в с-ве:Лазерный принтер сетевой Samsung ML-3471ND;оптический конвертер Allied Telesys AT-mc103XL;патч-корд UTP,Cat.5e,1м,ук. разъем,защ.сер. СП СИ|1010400380|шт.|19800.0|1.0|19800.0|07060000000000000.1.101.34.000|4E66BKBSC0|101.0||||Компьютерная техника
0008-24|К-т в с-ве:Сканер сетевой HP Scanjet 7650n;оптический конвертер Allied Telesys AT-mc103XL;патч-корд UTP,Cat.5e,1м,ук. разъем,защ.сер. СП СИ|1010400399|шт.|57000.0|1.0|57000.0|07060000000000000.1.101.34.000|CN064V403N|101.0|2010.0|||Компьютерная техника
0010-2|Картридж 7115|140/83|шт|2081.48|1.0|2081.48|1.02.6||2.0||||Расходные материалы
0010-3|Картридж 7Q (Seven quality) ML-D3470В|ТН 165|шт|1228.0|3.0|3684.0|07060000000000000.1.105.36.000||105.0||||Расходные материалы
0010-4|Картридж CACTUS CF350A (№130А)|БУ-00287228|шт|840.0|3.0|2520.0|07060000000000000.1.105.36.000||105.0||||Расходные материалы
0010-5|Картридж CF218A|БУ-00287966|шт|700.0|1.0|700.0|07060000000000000.1.105.36.000||105.0||||Расходные материалы
0010-6|Картридж CF230A|БУ-00287968|шт|900.0|4.0|3600.0|07060000000000000.1.105.36.000||105.0||||Расходные материалы
0010-7|Картридж GALA-PRINT CF219A|БУ-00287223|шт|790.0|4.0|3160.0|07060000000000000.1.105.36.000||105.0||||Расходные материалы
0010-8|Картридж HP 85A Black Laser Jet Contractual Toner Cartridge, (CE285АC), СП1|31/2/1/499|шт|4137.0|4.0|16548.0|1.02.6||2.0||||Расходные материалы
0010-9|Картридж HP 85А Black Laser Jet Contractual Toner Cartridge, (CE285AC), СП1|31/2/1/500|шт|4137.0|5.0|20685.0|1.02.6||2.0||||Расходные материалы
0010-10|Картридж HP CB436A Contract LaserJet (CB436AC) заключение №149/5/2/498 от 05.03.2019г.|31/2/1/1807|шт|4760.0|5.0|23800.0|1.02.6||2.0||||Расходные материалы
0010-11|Картридж HP CE505АC Blk Contract LJ Toner Cartridge, (CE505AC), СП1|31/2/1/500|шт|5292.0|2.0|10584.0|1.02.6||2.0||||Расходные материалы
0010-12|Картридж HP CF218AС (оригинал)|31/2/1/4218|шт|4789.57|4.0|19158.28|07060000000000000.1.105.36.000||105.0||||Расходные материалы
0010-13|Картридж HP CF226A (оригинал)|31/2/1/4218|шт|9501.59|17.0|161527.03|07060000000000000.1.105.36.000||105.0||||Расходные материалы
0010-14|Картридж HP CF283A (оригинал)|31/2/1/4218|шт|5304.35|24.0|127304.4|07060000000000000.1.105.36.000||105.0||||Расходные материалы
0010-15|Картридж HP CF350A (оригинал)|31/2/1/4218|шт|5151.34|5.0|25756.7|07060000000000000.1.105.36.000||105.0||||Расходные материалы
0010-16|Картридж HP CF351A (оригинал)|31/2/1/4218|шт|5243.54|6.0|31461.24|07060000000000000.1.105.36.000||105.0||||Расходные материалы
0010-17|Картридж HP CF352A (оригинал)|31/2/1/4218|шт|5239.24|6.0|31435.44|07060000000000000.1.105.36.000||105.0||||Расходные материалы
0010-18|Картридж HP CF353A (оригинал)|31/2/1/4218|шт|5239.24|6.0|31435.44|07060000000000000.1.105.36.000||105.0||||Расходные материалы
0010-19|Картридж HP CВ436AС (оригинал)|31/2/1/4218|шт|6281.92|14.0|87946.88|07060000000000000.1.105.36.000||105.0||||Расходные материалы
0010-20|Картридж HP CЕ285AС (оригинал)|31/2/1/4218|шт|5673.03|13.0|73749.39|07060000000000000.1.105.36.000||105.0||||Расходные материалы
0010-21|Картридж HP CЕ505AС (оригинал)|31/2/1/4218|шт|7089.82|14.0|99257.48|07060000000000000.1.105.36.000||105.0||||Расходные материалы
0010-22|Картридж HP LaserJet LJ P1505/M1120/M1522N Black Print Cartridge (CВ436А)|31/2/2645|шт|1964.03|8.0|15712.24|1.02.6||2.0||||Расходные материалы
0010-23|Картридж HP Q2612A Contract Laser Jet черный, (Q2612АC), СП1|31/2/1/499|шт|4679.0|3.0|14037.0|1.02.6||2.0||||Расходные материалы
0010-24|Картридж HP Q2612А  Contract Laser Jet Черный, (Q2612C), СП1|31/2/1/500|шт|4679.0|2.0|9358.0|1.02.6||2.0||||Расходные материалы
0008-25|Картридж HP черный для принтера LJ P2015, 3000 страниц,  (Q7553А), СП1|31/2/1/499|шт|6693.0|4.0|26772.0|1.02.6||2.0||||Компьютерная техника
0010-25|Картридж NetProduct (N-CE505A) для HP LJ P2055/P2035/Canon №719,2,3К|БУ-00288837|шт|738.0|10.0|7380.0|07060000000000000.1.105.36.000||105.0||||Расходные материалы
0010-26|Картридж Solution Print CЕ285A|БУ-00287221|шт|650.0|1.0|650.0|07060000000000000.1.105.36.000||105.0||||Расходные материалы
0010-27|Картридж лазерный Cactus CS-CE285АS CE285A черный (1600стр) для НР LJ P1102/P1102W/M1130/M1132|БУ-00290644|шт|467.4|15.0|7011.0|07060000000000000.1.105.36.000||105.0||||Расходные материалы
0010-28|Картридж лазерный Cactus CS-CF226А черный (3100стр) для НР LJ|БУ-00290638|шт|960.0|15.0|14400.0|07060000000000000.1.105.36.000||105.0||||Расходные материалы
0010-29|Картридж лазерный Cactus CS-CF230А черный (1600стр) для НР LJ 203/227|БУ-00290639|шт|598.9|10.0|5989.0|07060000000000000.1.105.36.000||105.0||||Расходные материалы
0010-30|Картридж лазерный Cactus CS-CF283A CF283A черный (1500 стр) для HP LJ Pro M125nw/M127fw|БУ-00290674|шт|467.4|25.0|11685.0|07060000000000000.1.105.36.000||105.0||||Расходные материалы
0010-31|Картридж лазерный Cactus CS-CF350A черный (1300стр) для НР|БУ-00290632|шт|1050.3|3.0|3150.9|07060000000000000.1.105.36.000||105.0||||Расходные материалы
0010-32|Картридж НP для Laser Jet P2035/2055 2300 copies (СE505А)|31/2/1431|шт|6845.0|2.0|13690.0|1.02.6||2.0||||Расходные материалы
0008-26|Картридж НР 126А для принтеров НР Laser Jet PRO CP1025/CP1025NW, (СЕ314А), СП1|БУ-00289532|шт|5549.0|1.0|5549.0|07060000000000000.1.105.36.000||105.0||||Компьютерная техника
0010-33|Картридж Нр Black двойная упаковка №85а для LJPro P1102/P1102w/M1132/M1212nf/M1214 CE285AF|31/2/5040|шт|3913.0|8.0|31304.0|1.02.6||2.0||||Расходные материалы
0010-34|Картридж НР Laser P1505/M1120/1522 Black Print двойная упаковка СВ436AF|31/2/4419|шт|3689.0|2.0|7378.0|1.02.6||2.0||||Расходные материалы
0010-35|Картридж НР Q7553А (оригинал)|31/2/1/4220|шт|7254.94|4.0|29019.76|07060000000000000.1.105.36.000||105.0||||Расходные материалы
0010-36|Картридж НР Q7553А|н.31/2/473|шт|2102.03|1.0|2102.03|1.02.6||2.0||||Расходные материалы
0010-37|Картридж НР СF230А (оригинал)|31/2/1/4219|шт|5751.22|3.0|17253.66|07060000000000000.1.105.36.000||105.0||||Расходные материалы
0010-38|Картридж оригинальный НР CF351А (оригинал) заключение по результатам СП-1 от 22.07.2021 № 149/5/2/1835|31/2/1/2992|шт|4987.0|5.0|24935.0|07060000000000000.1.105.36.000||105.0||||Расходные материалы
0010-39|Картридж оригинальный НР CF352А (оригинал) заключение по результатам СП-1 от 22.07.2021 № 149/5/2/1835|31/2/1/2992|шт|4977.0|5.0|24885.0|07060000000000000.1.105.36.000||105.0||||Расходные материалы
0010-40|Картридж оригинальный НР CF353А (оригинал) заключение по результатам СП-1 от 22.07.2021 № 149/5/2/1835|31/2/1/2992|шт|4977.0|5.0|24885.0|07060000000000000.1.105.36.000||105.0||||Расходные материалы
0010-41|Картридж повышенной емкости Xerox 106R02183|н 31/28/841|шт|4490.96|4.0|17963.84|1.02.6||2.0||||Расходные материалы
0010-42|Картридж совместимый 108R00796 Совместимость с XEROX Phaser 3635 MFP черный|КБ-0004407|шт|563.08|1.0|563.08|1.02.6||2.0||||Расходные материалы
0010-43|Картридж совместимый CF436а Совместимость с HP Laser Jet M1120mfp черный|КБ-0004407|шт|225.14|5.0|1125.7|1.02.6||2.0||||Расходные материалы
0007-3|Картридж совместимый аналог CF230А. Совместимость картриджей с моделями копировально-множительной техники LaserJet Pro M227, LaserJet Pro M203 Ресурс, страниц при 5% заполнении листа формата А4 1600ст. Цвет печати черный Страна происхождения Китай|ТН РМЦ008592|шт|660.47|3.0|1981.41|07060000000000000.1.105.36.000||105.0||||АП
0005-13|Коммутатор 8х2 RGBHVU симметричных звуковых стериосигналов 300 MHz|00003632|шт.|48302.1|1.0|48302.1|07060000000000000.1.101.34.000|б/н|101.0|2007.0|||Электроника
0005-14|Коммутатор HP 5120-24 G EI Switch with 2 slots (СП)|1013413146|шт.|66757.95|1.0|66757.95|07060000000000000.1.101.34.000|б/н|101.0|2014.0|||Электроника
0005-15|Коммутатор в составе:Коммутатор Catalyst  3750X 24 Port GE SFP IP Base WS-C3750X-24S-S,Коммутатор Catalyst  3750X 12 Port GE SFP IP Base WS-C3750X-12S-S,Резервный модуль питания Catalyst 3K-X 350W AC Secondary Power Supply,Оптический модуль GE SFP, LC connector LX/LH transceiver GLC-LH-SM,Кросс бокс 48Port|1013431063|шт.|5127591.73|1.0|5127591.73|07060000000000000.1.101.34.000|б/н|101.0|2016.0|||Электроника
0005-16|Коммутатор с прдустановленным ПО/ССС-WS-C3750V2-24FS-S/Catalyst 3750V2 24 100BASE|акт|шт|535448.48|1.0|535448.48|07060000000000000.1.105.36.000||105.0||||Электроника
0010-44|Комплект картриджей для 2600(6000,6001,6002,6003)|140/|компл|11241.0|1.0|11241.0|1.02.6||2.0||||Расходные материалы
0012-5|Комплект проекционного оборудования тип №1 (проектор Aser и экран|1013424739|шт.|39732.0|1.0|39732.0|07060000000000000.1.101.34.000|МRJQ811001816001B4|101.0||||Проекционное оборудование
0012-6|Комплект проекционного оборудования тип №5 (проектор Ерson EB-2250 U, кронштейн|1013424827|шт.|170483.33|1.0|170483.33|07060000000000000.1.101.34.000||101.0|2020.0|||Проекционное оборудование
|Комплет Триколор ТВ с СП и СИ Триколор U510|1013416428|шт.|9700.0|1.0|9700.0|07060000000000000.1.101.34.000|б/н|101.0|2016.0|||
0008-27|Компьютер (ПК) HP 400 PRO SFF Pentium g3220.4 gb ddr3-1600 dimm (1*4gb)|1013414990|шт.|20362.0|1.0|20362.0|07060000000000000.1.101.34.000|czc4012jkp|101.0|2015.0|||Компьютерная техника
0008-28|Компьютер персональный Kraftway Credo KC40 СП СИ|1013401399|шт.|65000.0|1.0|65000.0|07060000000000000.1.101.34.000|001103|101.0||||Компьютерная техника
0008-29|Компьютер персональный Kraftway Credo KC40 СП СИ|1013401400|шт.|65000.0|1.0|65000.0|07060000000000000.1.101.34.000|001103|101.0||||Компьютерная техника
0008-30|Компьютер персональный Kraftway Credo KC40 СП СИ|1013401401|шт.|65000.0|1.0|65000.0|07060000000000000.1.101.34.000|001103|101.0||||Компьютерная техника
0008-31|Компьютер персональный Kraftway Базальт модуль BP СП и СИ|1013401436|шт.|80000.0|1.0|80000.0|07060000000000000.1.101.34.000|001104,м№RVZ10520,МФУ№CNG9C4CQLD,ибп№1|101.0||||Компьютерная техника
0008-32|Компьютерный  монитор 19 Samsung 943NW 1440x900/1000/5/|155/|шт|5824.03|1.0|5824.03|07060000000000000.1.105.36.000||105.0||||Компьютерная техника
0005-17|Конвертер AT-MC102XL|1013410890|шт.|18083.61|1.0|18083.61|07060000000000000.1.101.34.000|А03158G083600818D|101.0|2008.0|||Электроника
0005-18|Конвертер AT-MC102XL|1013410891|шт.|18083.61|1.0|18083.61|07060000000000000.1.101.34.000|А03158G083600820D|101.0|2008.0|||Электроника
0013-2|Кондиционер (мульти-сплит система) на 4вн. блока Mitsubihi|1013600790|шт.|120000.0|1.0|120000.0|07060000000000000.1.101.36.000||101.0|2011.0|||Бытовая техника
0013-3|Кондиционер SANYO SAP-K122GJ+, SAP-C122G типа сплит|10104678|шт.|102511.83|1.0|102511.83|07060000000000000.1.101.34.000|001|101.0||||Бытовая техника
0012-7|Крепление потолочное для мультимедиа проекторов|610109001007|шт.|12076.71|1.0|12076.71|07060000000000000.1.101.38.000|б/н|101.0|2009.0|||Проекционное оборудование
0001-18|КРС Кресло Престиж GTP new (с-11) (чёрный)|09110106000837|шт.|940.0|2.0|1880.0|1.21.36||21.0||||Мебель
0002-17|Лазерное многофункциональное устройство Kraftway Базальт KRPM426f КРПЕ.467265/004, в составе: -МФУ НР LaserJet Pro M426fdn (F6W17A); -НР 26Х, лазерный кардридж LaserJet, черный (9000 стр.), установлен в МФУ; -Кабель питания (вилка с заземляющим контактом) 1,8 м; -Кабель USB 2.0 A(m)-B(m) 1,8 м; -К|1013421973|шт.|30696.19|1.0|30696.19|07060000000000000.1.101.34.000|001164|101.0||||Накопитель
0002-18|Лазерное многофункциональное устройство Kraftway Базальт KRPM426f КРПЕ.467265/004, в составе: -МФУ НР LaserJet Pro M426fdn (F6W17A); -НР 26Х, лазерный кардридж LaserJet, черный (9000 стр.), установлен в МФУ; -Кабель питания (вилка с заземляющим контактом) 1,8 м; -Кабель USB 2.0 A(m)-B(m) 1,8 м; -К|1013421974|шт.|30696.19|1.0|30696.19|07060000000000000.1.101.34.000|001164|101.0||||Накопитель
0002-19|Лазерное многофункциональное устройство Kraftway Базальт KRPM426f КРПЕ.467265/004, в составе: -МФУ НР LaserJet Pro M426fdn (F6W17A); -НР 26Х, лазерный кардридж LaserJet, черный (9000 стр.), установлен в МФУ; -Кабель питания (вилка с заземляющим контактом) 1,8 м; -Кабель USB 2.0 A(m)-B(m) 1,8 м; -К|1013421975|шт.|30696.19|1.0|30696.19|07060000000000000.1.101.34.000|001164|101.0||||Накопитель
0002-20|Лазерное многофункциональное устройство Kraftway Базальт KRPM426f КРПЕ.467265/004, в составе: -МФУ НР LaserJet Pro M426fdn (F6W17A); -НР 26Х, лазерный кардридж LaserJet, черный (9000 стр.), установлен в МФУ; -Кабель питания (вилка с заземляющим контактом) 1,8 м; -Кабель USB 2.0 A(m)-B(m) 1,8 м; -К|1013421976|шт.|30696.19|1.0|30696.19|07060000000000000.1.101.34.000|001164|101.0||||Накопитель
0002-21|Лазерное многофункциональное устройство Kraftway Базальт KRPM426f КРПЕ.467265/004, в составе: -МФУ НР LaserJet Pro M426fdn (F6W17A); -НР 26Х, лазерный кардридж LaserJet, черный (9000 стр.), установлен в МФУ; -Кабель питания (вилка с заземляющим контактом) 1,8 м; -Кабель USB 2.0 A(m)-B(m) 1,8 м; -К|1013422193|шт.|30696.19|1.0|30696.19|07060000000000000.1.101.34.000|001164|101.0||||Накопитель
0003-13|Лампа in Focus LP850|156/|шт|17286.0|1.0|17286.0|07060000000000000.1.105.36.000||105.0||||Прочее
0012-8|Лампа для проектора Panasonic  PT- D6000 ET-LAD 60WWW  с проведением СП|н.31/3-1124|шт|30200.0|1.0|30200.0|07060000000000000.1.105.36.000||105.0||||Проекционное оборудование
0012-9|Лампа для проектора Panasonic PT-D6000 (ET-LAD60W) с модулем|БУ-00289464|шт|26250.0|2.0|52500.0|07060000000000000.1.105.36.000||105.0||||Проекционное оборудование
0012-10|Лампа для проектора Panasonic PT-D6000 (лампа в модуле) ET-LAD60A|С306204|шт|43712.41|1.0|43712.41|07060000000000000.1.105.36.000||105.0||||Проекционное оборудование
0003-14|Ламповый блок ET-LAD60 - 1 шт||||||||||||Прочее
0007-4|МАРТ Базальт ВА КРПЕ.466229.001: программно-аппаратный комплекс ПАК-470М, внешний блок питания ПАК-470М, ПАК средств зашиты информации Аккорд-АМДЗ, DVD-RW, мышь, опер. система|1013422987|шт.|148008.17|1.0|148008.17|07060000000000000.1.101.34.000|001180|101.0||||АП
0014-3|Маскиратор МАИС - М|1013410893|шт.|50907.94|1.0|50907.94|07060000000000000.1.101.34.000|B08|101.0||||Специальное оборудование
0014-4|Маскиратор МАИС - М|1013410894|шт.|50907.94|1.0|50907.94|07060000000000000.1.101.34.000|A43|101.0||||Специальное оборудование
0014-5|Маскиратор МАИС - М|1013410895|шт.|50907.95|1.0|50907.95|07060000000000000.1.101.34.000|B08|101.0||||Специальное оборудование
0005-19|Медиаконвертер АТ-МС102XL ConverterTX 100BaseTx 100BaseFX-SC Multi-Mode|акт|шт|6725.88|10.0|67258.8|07060000000000000.1.105.36.000||105.0||||Электроника
0008-33|Многофункциональное устройство Xerox Phaser 3635 в комплекте:108к00794-3шт.|1013415929|шт.|100747.7|1.0|100747.7|07060000000000000.1.101.34.000|б/н|101.0|2016.0|||Компьютерная техника
0012-11|Мобильный комплект для презентаций в составе:мультимедиа проектор Panasonic PL-L|1013411247|шт.|69970.0|1.0|69970.0|07060000000000000.1.101.34.000|б/н|101.0|2013.0|||Проекционное оборудование
0002-22|мобильный презентационный комплект с сп си в составе ноутбук toshiba   satellite s50-a-k1m(i5 3337u 8gb 1 tb nv gf740m 2gb dvdrw ms+sd cam win8 15.6hd led usb3.0 black проектор epson eb-x12 logitech mouse m100 usb сумка 15|1013413208|шт.|68500.0|1.0|68500.0|07060000000000000.1.101.34.000|б/н|101.0|2014.0|||Накопитель
0002-23|Модуль памяти QUMO DDR3 DIMM 4GB (PC3-12800) 1600MHz QUM3U-4G1600K11|БУ-00285453|шт|10137.0|30.0|304110.0|07060000000000000.1.105.36.000||105.0||||Накопитель
0008-34|Монитор 22 NEC|1013410888|шт.|77298.14|1.0|77298.14|07060000000000000.1.101.34.000|б/н|101.0|2008.0|||Компьютерная техника
0008-35|Монитор TFT 19 ViewSonic VA916 СП(см.дополнение)|31/2/4364|шт|5971.0|1.0|5971.0|07060000000000000.1.105.36.000||105.0||||Компьютерная техника
0008-36|Монитор ViewSonic TFT VA2231W (СП и СИ)|н.73 (пр.30)|шт|5500.0|3.0|16500.0|07060000000000000.1.105.36.000||105.0||||Компьютерная техника
0008-37|моноблок lenovo ideacentre c540|1013413748|шт.|88149.5|1.0|88149.5|07060000000000000.1.101.34.000|CS00098|101.0||||Компьютерная техника
0008-38|Моноблок с СП и СИ в составе: Моноблок Lenovo ThinkCentre All-In-One M92Z IPS 23 1920*1080 i7-3770S,4Gb,1TB Intel HD, DVD+RW,Win7Pro64 клавиатура SVEN Standart 310 Combo Black|1013414413|шт.|52027.0|1.0|52027.0|07060000000000000.1.101.34.000|S4AGVTF|101.0|2014.0|||Компьютерная техника
0008-39|Моноблок с СП и СИ в составе: Моноблок Lenovo ThinkCentre All-In-One M92Z IPS 23 1920*1080 i7-3770S,4Gb,1TB Intel HD, DVD+RW,Win7Pro64 клавиатура SVEN Standart 310 Combo Black|1013414414|шт.|52027.0|1.0|52027.0|07060000000000000.1.101.34.000|S4AGVTH|101.0|2014.0|||Компьютерная техника
0008-40|Моноблок с СП и СИ в составе: Моноблок Lenovo ThinkCentre All-In-One M92Z IPS 23 1920*1080 i7-3770S,4Gb,1TB Intel HD, DVD+RW,Win7Pro64 клавиатура SVEN Standart 310 Combo Black|1013414415|шт.|52027.0|1.0|52027.0|07060000000000000.1.101.34.000|S4AGVTE|101.0|2014.0|||Компьютерная техника
0008-41|Моноблок с СП и СИ в составе: Моноблок Lenovo ThinkCentre All-In-One M92Z IPS 23 1920*1080 i7-3770S,4Gb,1TB Intel HD, DVD+RW,Win7Pro64 клавиатура SVEN Standart 310 Combo Black|1013414416|шт.|52027.0|1.0|52027.0|07060000000000000.1.101.34.000|S4AGVTG|101.0|2014.0|||Компьютерная техника
|Монтажный комплекс ||||||||||||
0012-12|Мультимедийный проектор Acer СИ и СП|1013424743|шт.|195000.0|1.0|195000.0|07060000000000000.1.101.34.000|MRJMG11001824013AP|101.0||||Проекционное оборудование
0008-42|МФУ HP LaserJet M227fdn (Pr/Scan(1200*1200)/Copier/Fax,A4)|1013433248|шт.|24056.85|1.0|24056.85|07060000000000000.1.101.34.000|VNH6F0|101.0||||Компьютерная техника
0008-43|МФУ HP LaserJet M227fdn (Pr/Scan(1200*1200)/Copier/Fax,A4)|1013433249|шт.|24056.85|1.0|24056.85|07060000000000000.1.101.34.000|VNH6F0|101.0||||Компьютерная техника
0002-24|МФУ Базальт КRP М426f КРПЕ.467265.004, в составе: МФУ НР LaserJet Pro M428fdn (W1A32A), картридж НР СF259X, кабель питания 1,8 м., кабель с коннекторами RJ-45,2 м., диск с драйверами для оперативных систем Windows, руководство, формуляр, инф. карта, копия сертификата|1013425515|шт.|35531.04|1.0|35531.04|07060000000000000.1.101.34.000|001201|101.0||||Накопитель
0002-25|МФУ Базальт КRP М426f КРПЕ.467265.004, в составе: МФУ НР LaserJet Pro M428fdn (W1A32A), картридж НР СF259X, кабель питания 1,8 м., кабель с коннекторами RJ-45,2 м., диск с драйверами для оперативных систем Windows, руководство, формуляр, инф. карта, копия сертификата|1013425516|шт.|35531.04|1.0|35531.04|07060000000000000.1.101.34.000|001201|101.0||||Накопитель
0003-15|Набор для досок Accessory Set|1013401491|шт.|2400.0|1.0|2400.0|1.21.34|б/н|21.0|2011.0|||Прочее
0003-16|Набор для досок Accessory Set|1013401492|шт.|2400.0|1.0|2400.0|1.21.34|б/н|21.0|2011.0|||Прочее
0003-17|Набор для досок Accessory Set|1013401493|шт.|2400.0|1.0|2400.0|1.21.34|б/н|21.0|2011.0|||Прочее
0003-18|Набор для досок Accessory Set|1013401494|шт.|2400.0|1.0|2400.0|1.21.34|б/н|21.0|2011.0|||Прочее
0002-26|Накопител  WD WDBUZG500ABK-EESN USB/ HDD 500Gb + чехол (СП)|00-000000000001474|шт.|2500.0|1.0|2500.0|1.21.38|б/н|21.0||||Накопитель
0002-27|Накопител  WD WDBUZG500ABK-EESN USB/ HDD 500Gb + чехол (СП)|00-000000000001476|шт.|2500.0|1.0|2500.0|1.21.38|б/н|21.0||||Накопитель
0002-28|Накопитель, Transcend, TS64GJF780|00-000000000042142|шт.|5049.0|2.0|10098.0|1.21.38||21.0||||Накопитель
0002-29|Накопитель 4GB USB-flash Transend Jetflash 300 черный, зеленая полоска|1010900182|шт.|498.75|1.0|498.75|1.21.38|б/н|21.0||||Накопитель
0002-30|Накопитель 4GB USB-flash Transend Jetflash 300 черный, зеленая полоска|1010900181|шт.|498.75|1.0|498.75|1.21.38|б/н|21.0||||Накопитель
0002-31|Накопитель 4GB USB-flash Transend Jetflash 300 черный, зеленая полоска|1010900180|шт.|498.75|1.0|498.75|1.21.38|б/н|21.0||||Накопитель
0002-32|Накопитель 4GB USB-flash Transend Jetflash 300 черный, зеленая полоска|1010900179|шт.|498.75|1.0|498.75|1.21.38|б/н|21.0||||Накопитель
0002-33|Накопитель 4GB USB-flash Transend Jetflash 300 черный, зеленая полоска|1010900178|шт.|498.75|1.0|498.75|1.21.38|б/н|21.0||||Накопитель
0002-34|Накопитель 4GB USB-flash Transend Jetflash 300 черный, зеленая полоска|1010900358|шт.|498.75|1.0|498.75|1.21.38|б/н|21.0||||Накопитель
0002-35|Накопитель 4GB USB-flash Transend Jetflash 300 черный, зеленая полоска|1010900357|шт.|498.75|1.0|498.75|1.21.38|б/н|21.0||||Накопитель
0002-36|Накопитель 4GB USB-flash Transend Jetflash 300 черный, зеленая полоска|1010900356|шт.|498.75|1.0|498.75|1.21.38|б/н|21.0||||Накопитель
0002-37|Накопитель 4GB USB-flash Transend Jetflash 300 черный, зеленая полоска|1010900177|шт.|498.75|1.0|498.75|1.21.38|б/н|21.0||||Накопитель
0002-38|Накопитель 4GB USB-flash Transend Jetflash 300 черный, зеленая полоска|1010900176|шт.|498.75|1.0|498.75|1.21.38|б/н|21.0||||Накопитель
0002-39|Накопитель 4GB USB-flash Transend Jetflash 300 черный, зеленая полоска|1010900175|шт.|498.75|1.0|498.75|1.21.38|б/н|21.0||||Накопитель
0002-40|Накопитель 4GB USB-flash Transend Jetflash 300 черный, зеленая полоска|1010900174|шт.|498.75|1.0|498.75|1.21.38|б/н|21.0||||Накопитель
0002-41|Накопитель 4GB USB-flash Transend Jetflash 300 черный, зеленая полоска|1010900173|шт.|498.75|1.0|498.75|1.21.38|б/н|21.0||||Накопитель
0002-42|Накопитель Flash 2Gb СП|1013800719|шт.|800.0|1.0|800.0|1.21.38|б/н|21.0|2011.0|||Накопитель
0002-43|Накопитель Flash 2Gb СП|1013800720|шт.|800.0|1.0|800.0|1.21.38|б/н|21.0|2011.0|||Накопитель
0002-44|Накопитель Flash 2Gb СП|1013800721|шт.|800.0|1.0|800.0|1.21.38|б/н|21.0|2011.0|||Накопитель
0002-45|Накопитель Flash 2Gb СП|1013800722|шт.|800.0|1.0|800.0|1.21.38|б/н|21.0|2011.0|||Накопитель
0002-46|Накопитель Flash 2Gb СП|1013800723|шт.|800.0|1.0|800.0|1.21.38|б/н|21.0|2011.0|||Накопитель
0002-47|Накопитель HDD Seagate 500Gb 2/5 Backup Plus STBX500200. USB black (СП)|1013812235|шт.|3560.0|1.0|3560.0|07060000000000000.1.101.38.000|б/н|101.0|2014.0|||Накопитель
0002-48|Накопитель HDD Seagate 500Gb 2/5 Backup Plus STBX500200. USB black (СП)|1013812236|шт.|3560.0|1.0|3560.0|07060000000000000.1.101.38.000|б/н|101.0|2014.0|||Накопитель
0002-49|Накопитель HDD Seagate 500Gb 2/5 Backup Plus STBX500200. USB black (СП)|1013812240|шт.|3560.0|1.0|3560.0|07060000000000000.1.101.38.000|б/н|101.0|2014.0|||Накопитель
0002-50|Накопитель HDD Seagate 500Gb 2/5 Backup Plus STBX500200. USB black (СП)|1013812242|шт.|3560.0|1.0|3560.0|07060000000000000.1.101.38.000|б/н|101.0|2014.0|||Накопитель
0002-51|Накопитель HDD Seagate 500Gb 2/5 Backup Plus STBX500200. USB black (СП)|1013812246|шт.|3560.0|1.0|3560.0|07060000000000000.1.101.38.000|б/н|101.0|2014.0|||Накопитель
0002-52|Накопитель Kingston Data Traveler UItimate 64 Gb  (СП)|1013812249|шт.|4875.0|1.0|4875.0|07060000000000000.1.101.38.000|б/н|101.0|2014.0|||Накопитель
0002-53|Накопитель Seagat STDR1000200 USB HDD 1000Gb + чехол (СП)|1013812627|шт.|3100.0|1.0|3100.0|07060000000000000.1.101.38.000|б/н|101.0|2015.0|||Накопитель
0006-7|Настенная акустическая система Inter-M CS , колонка г/говорителя, 40 Вт(СП и СИ)|1010400771|шт.|4357.74|1.0|4357.74|07060000000000000.1.101.34.000|б/н|101.0|2010.0|||Аудио и видео оборудование
0006-8|Настенная акустическая система Inter-M CS , колонка г/говорителя, 40 Вт(СП и СИ)|1010400772|шт.|4357.74|1.0|4357.74|07060000000000000.1.101.34.000|б/н|101.0|2010.0|||Аудио и видео оборудование
0006-9|Настенная акустическая система Inter-M CS , колонка г/говорителя, 40 Вт(СП и СИ)|1010400773|шт.|4357.74|1.0|4357.74|07060000000000000.1.101.34.000|б/н|101.0|2010.0|||Аудио и видео оборудование
0006-10|Настенная акустическая система Inter-M CS , колонка г/говорителя, 40 Вт(СП и СИ)|1010400774|шт.|4357.74|1.0|4357.74|07060000000000000.1.101.34.000|б/н|101.0|2010.0|||Аудио и видео оборудование
0009-8|Ножницы 215мм|00-000000004370|шт.|75.83|10.0|758.3|07060000000000000.1.105.36.000||105.0||||Офисные принадлежности
0002-54|Носители информации CD-R, 52х|БУ-00288189|шт|26.94|100.0|2694.07|07060000000000000.1.105.36.000||105.0||||Накопитель
0002-55|Носители информации CD-R, 52х, Verbatim Extra Protection, Cake|БУ-00289775|шт|37.4|150.0|5610.0|07060000000000000.1.105.36.000||105.0||||Накопитель
0002-56|Носители информации DVD-R, 16х, Verbatim Azo Matt Silver, Cake|БУ-00289778|шт|33.81|100.0|3381.0|07060000000000000.1.105.36.000||105.0||||Накопитель
0002-57|ноутбук hp Envy dv6-7354 er с сп и си, i7 3610qm 6gt. 1tb. dvdrw. nv GT635M 2GB. 15.6  HD CAM WIN8 MIDNIGHT BLACK E6H15EA*ACB В КОМПЛЕКТЕ С СУМКОЙ 15 LOGITECH MOUSE M 100USB|1013413196|шт.|33650.0|1.0|33650.0|07060000000000000.1.101.34.000|2CE329030W|101.0|2014.0|||Накопитель
0002-58|ноутбук hp Envy dv6-7354 er с сп и си, i7 3610qm 6gt. 1tb. dvdrw. nv GT635M 2GB. 15.6  HD CAM WIN8 MIDNIGHT BLACK E6H15EA*ACB В КОМПЛЕКТЕ С СУМКОЙ 15 LOGITECH MOUSE M 100USB|1013413197|шт.|33650.0|1.0|33650.0|07060000000000000.1.101.34.000|2CE32902X9|101.0|2014.0|||Накопитель
0002-59|ноутбук hp Envy dv6-7354 er с сп и си, i7 3610qm 6gt. 1tb. dvdrw. nv GT635M 2GB. 15.6  HD CAM WIN8 MIDNIGHT BLACK E6H15EA*ACB В КОМПЛЕКТЕ С СУМКОЙ 15 LOGITECH MOUSE M 100USB|1013413198|шт.|33650.0|1.0|33650.0|07060000000000000.1.101.34.000|2CE32902ZT|101.0|2014.0|||Накопитель
0002-60|ноутбук hp Envy dv6-7354 er с сп и си, i7 3610qm 6gt. 1tb. dvdrw. nv GT635M 2GB. 15.6  HD CAM WIN8 MIDNIGHT BLACK E6H15EA*ACB В КОМПЛЕКТЕ С СУМКОЙ 15 LOGITECH MOUSE M 100USB|1013413199|шт.|33650.0|1.0|33650.0|07060000000000000.1.101.34.000|2CE32902XZ|101.0|2014.0|||Накопитель
0008-44|Ноутбук Toshiba Satellite L550-20Q, проведение СП и СИ по 2 категории R2<=20м|1010402455|шт.|39182.17|1.0|39182.17|07060000000000000.1.101.34.000|4A295689K|101.0|2011.0|||Компьютерная техника
0002-61|ноутбук Toshiba satellite l875-d7m сп и си ноутбук toshiba satellite l875-d7m с сп и си i7 3630 8gb 1tb dvdrw. hd7670m 1gb 17.3hd+ (1600*900) win8pro ice silver в комплекте с сумкой и logitech mouse m100 usb|1013413203|шт.|47450.0|1.0|47450.0|07060000000000000.1.101.34.000|XC496238R|101.0|2014.0|||Накопитель
0002-62|ноутбук Toshiba satellite l875-d7m сп и си ноутбук toshiba satellite l875-d7m с сп и си i7 3630 8gb 1tb dvdrw. hd7670m 1gb 17.3hd+ (1600*900) win8pro ice silver в комплекте с сумкой и logitech mouse m100 usb|1013413204|шт.|47450.0|1.0|47450.0|07060000000000000.1.101.34.000|XC496243R|101.0|2014.0|||Накопитель
0007-5|Обеспечивающее оборудование (СП и СИ) в составе: Сервер RDW Computers-1 шт, Оптический коммутатор Cisco-1 шт, источник бесперебойного питания Ippon -1 шт, Устройство однонаправленной передачи данных Стром-3 шт|1013417559|шт.|2693500.0|1.0|2693500.0|07060000000000000.1.101.34.000||101.0|2017.0|||АП
0014-6|Облучатель-рециркулятор АR 500|1013425864|шт.|324000.0|1.0|324000.0|07060000000000000.1.101.34.000|б/н|101.0|2020.0|||Специальное оборудование
0003-19|Огнетушитель ОУ-5|00-000000000008826|шт.|1008.82|4.0|4035.28|1.21.38||21.0||||Прочее
0015-1|Отчет о НИР № 26-21 шифр  26-21 План научных исследований от 01.01.2021 № б/н|1116N00003|шт.|1.0|1.0|1.0|07060000000000000.1.111.6N.000||111.0||||Документы
0002-63|Память оперативная 64GB Memory for 2CPU 1066MHz Using 1333MHz DIMMs :память Dell 8Gb Dual Rank LVRDI 1333MHz|акт|шт|10404.0|14.0|145656.0|07060000000000000.1.105.36.000||105.0||||Накопитель
0007-6|Папка адресная А4|БУ-00288182|шт|102.9|20.0|2058.0|07060000000000000.1.105.36.000||105.0||||АП
0002-64|ПВЭМ Базальт МЮ (комплектация № 1) КРПЕ.466535.025ТУ в составе: - Моноблочный персональный компьютер Kraftway Studio KM 65; - Клавиатура F21-7D, USB; Мышь F21-GN58, USB; - Накопитель Transcend JetFlash 780 64 GB USB 3.0 TS64GJF780; -Привод внешний DVD-RW Asus SDRW-08D2S-U USB Slim черный (LITE); - ИБП АРС Back-UPS 1400VA, 230V AVR, IEC Sockets BX1400UI; - Сетевой фильтр PILOT S (6 розеток), 5 метров; -  Коврик для мыши; - Лазерное МФУ Kraftway Бакзальт KRP M426f КРПЕ.467265.004; - Руководство по эксплуатации; - Паспорт; - Информационная карта; - Копия сертификата ФСБ России.|1013426992|шт.|215766.13|1.0|215766.13|07060000000000000.1.101.34.000|Моноблок -№001204; Трансивер -№ T7091J900; Адап. пит.-№ Y19I1400; Съем. жест. диск  -№ б/н; Клав. -№ AA2; мышь -№ AA2; ИБП -№ 4B2004P2; Flash-накоп. -№FZ4; Внеш. DVD-RW -№ K9D0AP04; Сет. фил. -№ EZ9; МФУ -№001206.|101.0||||Накопитель
0014-7|Переключатель KVM ATEN CL5708M-AT-RG|1013428170|шт.|85544.33|1.0|85544.33|07060000000000000.1.101.34.000|s/n Z8D8-166E7-|101.0||||Специальное оборудование
0008-45|Переносной комплект ноутбука Toshiba Satellite СП и СИ|1013401456|шт.|90000.0|1.0|90000.0|07060000000000000.1.101.34.000|9A076912Q|101.0|2011.0|||Компьютерная техника
0002-65|Персональная электронная вычислительная машина Базальт МЮ КРПЕ.466535.025, в составе: моноблочный персональный компьютер KraftwayStudioKM 65; клавиатура F21-7D, USB; манипулятор типа мышь F21-GN58, USB; источник бесперебойного питания АРС Back-UPS 1400 ВА, 230 В, АВР; привод внешний DVD-RWAsusSDRW-0|1013424464|шт.|160130.77|1.0|160130.77|07060000000000000.1.101.34.000|моноблок Кraftway-001182, кл. Kraftway-АА1, мышь Kraftway-АА1, ИБП APC Back-4В1901Р0, ж/диск-195ОСL0АТ13В|101.0||||Накопитель
0002-66|Персональная электронная вычислительная машина Базальт МЮ КРПЕ.466535.025, в составе: моноблочный персональный компьютер KraftwayStudioKM 65; клавиатура F21-7D, USB; манипулятор типа мышь F21-GN58, USB; источник бесперебойного питания АРС Back-UPS 1400 ВА, 230 В, АВР; привод внешний DVD-RWAsusSDRW-0|1013424465|шт.|160130.77|1.0|160130.77|07060000000000000.1.101.34.000|моноблок Кraftway-001183, кл. Kraftway-АА1, мышь Kraftway-АА1, ИБП APC Back-4В1901P1, ж/диск-Z81OC0HZT13B|101.0||||Накопитель
0002-67|Персональная электронная вычислительная машина Базальт МЮ КРПЕ.466535.025, в составе: моноблочный персональный компьютер KraftwayStudioKM 65; клавиатура F21-7D, USB; манипулятор типа мышь F21-GN58, USB; источник бесперебойного питания АРС Back-UPS 1400 ВА, 230 В, АВР; привод внешний DVD-RWAsusSDRW-0|1013424466|шт.|160130.77|1.0|160130.77|07060000000000000.1.101.34.000|моноблок Кraftway-001182, кл. Kraftway-АА1, мышь Kraftway-АА1, ИБП APC Back-4В1901P0, ж/диск-Y8TLCZ0OT13B|101.0||||Накопитель
0002-68|Персональная электронная вычислительная машина Базальт МЮ КРПЕ.466535.025, в составе: моноблочный персональный компьютер KraftwayStudioKM 65; клавиатура F21-7D, USB; манипулятор типа мышь F21-GN58, USB; источник бесперебойного питания АРС Back-UPS 1400 ВА, 230 В, АВР; привод внешний DVD-RWAsusSDRW-0|1013424467|шт.|160130.77|1.0|160130.77|07060000000000000.1.101.34.000|моноблок Кraftway-001183, кл. Kraftway-АА1, мышь Kraftway-АА1, ИБП APC Back-4В1901P1, ж/диск-Z81OC0I0T13B|101.0||||Накопитель
0002-69|Персональная электронная вычислительная машина Базальт МЮ КРПЕ.466535.025, в составе: моноблочный персональный компьютер KraftwayStudioKM 65; клавиатура F21-7D, USB; манипулятор типа мышь F21-GN58, USB; источник бесперебойного питания АРС Back-UPS 1400 ВА, 230 В, АВР; привод внешний DVD-RWAsusSDRW-0|1013424497|шт.|160130.77|1.0|160130.77|07060000000000000.1.101.34.000|моноблок 001169, клав АА0, мышь АА0, ИБП 4В1836Р3, сет фильтр CZ9|101.0||||Накопитель
0002-70|Персональная электронная вычислительная машина Базальт МЮ КРПЕ.466535.025, в составе: моноблочный персональный компьютер KraftwayStudioKM 65; клавиатура F21-7D, USB; манипулятор типа мышь F21-GN58, USB; источник бесперебойного питания АРС Back-UPS 1400 ВА, 230 В, АВР; привод внешний DVD-RWAsusSDRW-0|1013424499|шт.|160130.77|1.0|160130.77|07060000000000000.1.101.34.000|мышь-АА1, клав.-АА1, моноблок-00118S, ИБП-4131901Р0, с/фильтр-СZ1|101.0||||Накопитель
0003-20|Перчатки медицинские латексные н/опудр. н/стер. однор. Разм S M L XL|181|пар|20.9|11000.0|229900.0|07060000000000000.1.105.36.000||105.0||||Прочее
0003-21|Пленка для ламинатора 216х303, 175мкм|31/1/890|шт|903.0|3.0|2709.0|07060000000000000.1.105.36.000||105.0||||Прочее
0012-13|Презентационный манипулятор 910-003507 Logtech Wireiss Presenter Professional R700|31/2/425|шт|7500.0|1.0|7500.0|07060000000000000.1.105.36.000||105.0||||Проекционное оборудование
0008-46|Привод DVD + RW Sony|ОС00256588|шт|4320.0|4.0|17280.0|07060000000000000.1.105.36.000||105.0||||Компьютерная техника
0008-47|Принтер Hewlett Packard Laserjet P2015 dn|1013410889|шт.|98286.72|1.0|98286.72|07060000000000000.1.101.34.000|CNBW8BD3QW|101.0|2008.0|||Компьютерная техника
0008-48|Принтер HP LaserJet P2055DN СП|1010402382|шт.|21600.0|1.0|21600.0|07060000000000000.1.101.34.000|CNCK73|101.0||||Компьютерная техника
0002-71|принтер в согставе принтер hp laser jet pro m1132 mfp (p/c/s. a4 1200dpi.18 ppm 8mb 1 tray 150 usb flatbed black catrid аксессуар кабель принтерный для usb a-b 2.0 (1.8m))|1013413076|шт.|5037.0|1.0|5037.0|07060000000000000.1.101.34.000|CNJ8F3T7GC|101.0|2014.0|||Накопитель
0002-72|принтер в согставе принтер hp laser jet pro m1132 mfp (p/c/s. a4 1200dpi.18 ppm 8mb 1 tray 150 usb flatbed black catrid аксессуар кабель принтерный для usb a-b 2.0 (1.8m))|1013413077|шт.|5037.0|1.0|5037.0|07060000000000000.1.101.34.000|CNJ8F3T7FH|101.0|2014.0|||Накопитель
0002-73|принтер в согставе принтер hp laser jet pro m1132 mfp (p/c/s. a4 1200dpi.18 ppm 8mb 1 tray 150 usb flatbed black catrid аксессуар кабель принтерный для usb a-b 2.0 (1.8m))|1013413078|шт.|5037.0|1.0|5037.0|07060000000000000.1.101.34.000|CNJ8F3T0LO|101.0|2014.0|||Накопитель
0002-74|Принтер лазерный HP LaserJet P2015n+ кабель USB AB 1.8m USB 002-A|00003793|шт.|12500.0|1.0|12500.0|07060000000000000.1.101.34.000|CNBW7782Q4|101.0|2008.0|||Накопитель
0012-14|Проектор Epson EB-X14G/Epson EB-X14Н в комплекте с универсальным потолочным креплением для мультимедийных проекторов моторизированный экран Draper Targa NTSC (3:4)264*198|1013414153|шт.|111000.0|1.0|111000.0|07060000000000000.1.101.34.000|RE7F390150L|101.0|2014.0|||Проекционное оборудование
0012-15|Проектор InFjcus LP 850|00002753|шт.|98652.87|1.0|98652.87|07060000000000000.1.101.34.000|1010R246HMKA|101.0|2007.0|||Проекционное оборудование
0012-16|Проектор InFocus LP 850|00002754|шт.|98652.87|1.0|98652.87|07060000000000000.1.101.34.000|б/н|101.0|2007.0|||Проекционное оборудование
0012-17|Проектор Panasonic PL-LC 75E LCD|013610425|шт.|147869.52|1.0|147869.52|07060000000000000.1.101.34.000|SA254|101.0||||Проекционное оборудование
0012-18|Проектор Panasonic PT-D6000EK (СПи СИ) комплект в составе:||||||||||||Проекционное оборудование
0012-19|Проектор Panasonic|013610692|шт.|143193.96|1.0|143193.96|07060000000000000.1.101.34.000|б/н|101.0|2003.0|||Проекционное оборудование
0012-20|Проектор мультимедиа Panasonic PT-LB80E СП|1013401358|шт.|75000.0|1.0|75000.0|07060000000000000.1.101.34.000|б/н|101.0|2011.0|||Проекционное оборудование
0012-21|Проектор Орtoma w335e СП и СИ|1013424772|шт.|35800.0|1.0|35800.0|07060000000000000.1.101.34.000|Q7D7838AAAA4C|101.0||||Проекционное оборудование
0012-22|Проектор Рanasonic PT-D6000EK-1шт||||||||||||Проекционное оборудование
0013-4|Пылесос LG V-C30252SU|1013600332|шт.|2006.0|1.0|2006.0|1.21.36|012VFJW0|21.0||||Бытовая техника
0013-5|Пылесос LG V-C30252SU|1013600333|шт.|2006.0|1.0|2006.0|1.21.36|012VFJW0|21.0||||Бытовая техника
0008-49|ПЭВМ Aquarius Pro P30 S50:ПЭВМ Aquarius Pro P30 S50 (MDT_600/Ci7_2600/D4096DIII)|1013411163|шт.|58100.0|1.0|58100.0|07060000000000000.1.101.34.000|с/б 212082406-;монитор ETLC30814720903F9F420A;ИБП 5S1213T0|101.0||||Компьютерная техника
0008-50|ПЭВМ Aquarius Pro P30 S50:ПЭВМ Aquarius Pro P30 S50 (MDT_600/Ci7_2600/D4096DIII)|1013411165|шт.|58100.0|1.0|58100.0|07060000000000000.1.101.34.000|с/б 212082406-;монитор ETLC30814720903FAA420A;ИБП 5S1213T0  |101.0||||Компьютерная техника
0008-51|ПЭВМ Aquarius Pro P30 S50:ПЭВМ Aquarius Pro P30 S50 (MDT_600/Ci7_2600/D4096DIII)|1013411166|шт.|58100.0|1.0|58100.0|07060000000000000.1.101.34.000|с/б 212082406-;монитор ETLC30814720903FA3420A;ИБП 5S1213T0  |101.0||||Компьютерная техника
0008-52|ПЭВМ Aquarius Pro P30 S50:ПЭВМ Aquarius Pro P30 S50 (MDT_600/Ci7_2600/D4096DIII)|1013411167|шт.|58100.0|1.0|58100.0|07060000000000000.1.101.34.000|с/б 212082406-;монитор ETLC30814720903F7D420A;ИБП 5S1213T0  |101.0||||Компьютерная техника
0008-53|ПЭВМ Aquarius Pro P30 S50:ПЭВМ Aquarius Pro P30 S50 (MDT_600/Ci7_2600/D4096DIII)|1013411168|шт.|58100.0|1.0|58100.0|07060000000000000.1.101.34.000|с/б 212082406-;монитор ETLC30814720903F61420A;ИБП 5S1213T0  |101.0||||Компьютерная техника
0008-54|ПЭВМ Aquarius Pro P30 S50:ПЭВМ Aquarius Pro P30 S50 (MDT_600/Ci7_2600/D4096DIII)|1013411172|шт.|58100.0|1.0|58100.0|07060000000000000.1.101.34.000|с/б 212082406-;монитор ETLC30814720903F83420A;ИБП 5S1214T0|101.0||||Компьютерная техника
0008-55|ПЭВМ Aquarius Pro P30 S50:ПЭВМ Aquarius Pro P30 S50 (MDT_600/Ci7_2600/D4096DIII)|1013411174|шт.|58100.0|1.0|58100.0|07060000000000000.1.101.34.000|с/б 212082406-;монитор ETLC30814720903F96420A;ИБП 5S1214T0  |101.0||||Компьютерная техника
0008-56|ПЭВМ Aquarius Pro P30 S50:ПЭВМ Aquarius Pro P30 S50 (MDT_600/Ci7_2600/D4096DIII)|1013411175|шт.|58100.0|1.0|58100.0|07060000000000000.1.101.34.000|с/б 212082406-;монитор ETLC30814720903F87420A;ИБП 5S1214T0  |101.0||||Компьютерная техника
0008-57|ПЭВМ Aquarius Pro P30 S50:ПЭВМ Aquarius Pro P30 S50 (MDT_600/Ci7_2600/D4096DIII)|1013411179|шт.|58100.0|1.0|58100.0|07060000000000000.1.101.34.000|с/б 212082406-;монитор ETLC30814720903FAB420A;ИБП 5S1214T0  |101.0||||Компьютерная техника
0008-58|ПЭВМ Aquarius Pro P30 S50:ПЭВМ Aquarius Pro P30 S50 (MDT_600/Ci7_2600/D4096DIII)|1013411181|шт.|58100.0|1.0|58100.0|07060000000000000.1.101.34.000|с/б 212082406-;монитор ETLC30814720903F7B420A;ИБП 5S1214T0  |101.0||||Компьютерная техника
0008-59|ПЭВМ Aquarius Pro P30 S50:ПЭВМ Aquarius Pro P30 S50 (MDT_600/Ci7_2600/D4096DIII)|1013411182|шт.|58100.0|1.0|58100.0|07060000000000000.1.101.34.000|с/б 212082406-;монитор ETLC30814720903F65420A;ИБП 5S1214T0  |101.0||||Компьютерная техника
0008-60|ПЭВМ Aquarius Pro P30 S50:ПЭВМ Aquarius Pro P30 S50 (MDT_600/Ci7_2600/D4096DIII)|1013411185|шт.|58100.0|1.0|58100.0|07060000000000000.1.101.34.000|с/б 212082406-;монитор ETLC30814720903F71420A;ИБП 5S1214T0  |101.0||||Компьютерная техника
0008-61|ПЭВМ Aquarius Std S20 S61 Aquarius (с пониж уровнем шума)|1013414907|шт.|54800.0|1.0|54800.0|07060000000000000.1.101.34.000|с/б 214070969- мон AAUE49A00 ибп 5S1347T2|101.0||||Компьютерная техника
0008-62|ПЭВМ Aquarius Std S20 S61 Aquarius (с пониж уровнем шума)|1013414908|шт.|54800.0|1.0|54800.0|07060000000000000.1.101.34.000|с/б 214070969- мон AAUE49A00 ибп 5S1347T2|101.0||||Компьютерная техника
0008-63|ПЭВМ Aquarius Std S20 S61 Aquarius (с пониж уровнем шума)|1013414909|шт.|54800.0|1.0|54800.0|07060000000000000.1.101.34.000|с/б 214070969- мон AAUE49A00 ибп 5S1347T2|101.0||||Компьютерная техника
0008-64|ПЭВМ Aquarius Std S20 S61 Aquarius (с пониж уровнем шума)|1013414910|шт.|54800.0|1.0|54800.0|07060000000000000.1.101.34.000|с/б 214070969- мон AAUE49A00 ибп 5S1347T2|101.0||||Компьютерная техника
0008-65|ПЭВМ Aquarius Std S20 S61 Aquarius (с пониж уровнем шума)|1013414911|шт.|54800.0|1.0|54800.0|07060000000000000.1.101.34.000|с/б 214070969- мон AAUE49A00 ибп 5S1347T2|101.0||||Компьютерная техника
0008-66|ПЭВМ Aquarius Std S20 S61 Aquarius (с пониж уровнем шума)|1013414912|шт.|54800.0|1.0|54800.0|07060000000000000.1.101.34.000|с/б 214070969- мон AAUE49A00 ибп 5S1347T2|101.0||||Компьютерная техника
0008-67|ПЭВМ Aquarius Std S20 S61 Aquarius (с пониж уровнем шума)|1013414913|шт.|54800.0|1.0|54800.0|07060000000000000.1.101.34.000|с/б 214070969- мон AAUE49A00 ибп 5S1347T2|101.0||||Компьютерная техника
0008-68|ПЭВМ Aquarius Std S20 S61 Aquarius (с пониж уровнем шума)|1013414914|шт.|54800.0|1.0|54800.0|07060000000000000.1.101.34.000|с/б 214070969- мон AAUE49A00 ибп 5S1347T2|101.0||||Компьютерная техника
0008-69|ПЭВМ Aquarius Std S20 S61 Aquarius (с пониж уровнем шума)|1013414915|шт.|54800.0|1.0|54800.0|07060000000000000.1.101.34.000|с/б 214070969- мон AAUE49A00 ибп 5S1347T2|101.0||||Компьютерная техника
0008-70|ПЭВМ Aquarius Std S20 S61 Aquarius (с пониж уровнем шума)|1013414916|шт.|54800.0|1.0|54800.0|07060000000000000.1.101.34.000|с/б 214070969- мон AAUE49A00 ибп 5S1347T2|101.0||||Компьютерная техника
0008-71|ПЭВМ Aquarius Std S20 S61 Aquarius (с пониж уровнем шума)|1013414917|шт.|54800.0|1.0|54800.0|07060000000000000.1.101.34.000|с/б 214070969- мон AAUE49A00 ибп 5S1347T2|101.0||||Компьютерная техника
0008-72|ПЭВМ Aquarius Std S20 S61 Aquarius (с пониж уровнем шума)|1013414918|шт.|54800.0|1.0|54800.0|07060000000000000.1.101.34.000|с/б 214070969- мон AAUE49A00 ибп 5S1347T2|101.0||||Компьютерная техника
0008-73|ПЭВМ Aquarius Std S20 S61 Aquarius (с пониж уровнем шума)|1013414919|шт.|54800.0|1.0|54800.0|07060000000000000.1.101.34.000|с/б 214070969- мон AAUE49A00 ибп 5S1347T2|101.0||||Компьютерная техника
0008-74|ПЭВМ Aquarius Std S20 S61 Aquarius (с пониж уровнем шума)|1013414920|шт.|54800.0|1.0|54800.0|07060000000000000.1.101.34.000|с/б 214070969- мон AAUE49A00 ибп 5S1347T2|101.0||||Компьютерная техника
0008-75|ПЭВМ Aquarius Std S20 S61 Aquarius (с пониж уровнем шума)|1013414921|шт.|54800.0|1.0|54800.0|07060000000000000.1.101.34.000|с/б 214070969- мон AAUE49A00 ибп 5S1347T2|101.0||||Компьютерная техника
0008-76|ПЭВМ Aquarius Std S20 S61 Aquarius (с пониж уровнем шума)|1013414922|шт.|54800.0|1.0|54800.0|07060000000000000.1.101.34.000|с/б 214070969- мон AAUE49A00 ибп 5S1347T2|101.0||||Компьютерная техника
0008-77|ПЭВМ Aquarius Std S20 S61 Aquarius (с пониж уровнем шума)|1013414923|шт.|54800.0|1.0|54800.0|07060000000000000.1.101.34.000|с/б 214070969- мон AAUE49A00 ибп 5S1347T2|101.0||||Компьютерная техника
0008-78|ПЭВМ Aquarius Std S20 S61 Aquarius (с пониж уровнем шума)|1013414924|шт.|54800.0|1.0|54800.0|07060000000000000.1.101.34.000|с/б 214070969- мон AAUE49A00 ибп 5S1347T2|101.0||||Компьютерная техника
0008-79|ПЭВМ Aquarius Std S20 S61 Aquarius (с пониж уровнем шума)|1013414925|шт.|54800.0|1.0|54800.0|07060000000000000.1.101.34.000|с/б 214070969- мон AAUE49A00 ибп 5S1347T2|101.0||||Компьютерная техника
0008-80|ПЭВМ Aquarius Std S20 S61 Aquarius (с пониж уровнем шума)|1013414926|шт.|54800.0|1.0|54800.0|07060000000000000.1.101.34.000|с/б 214070969- мон AAUE49A00 ибп 5S1347T2|101.0||||Компьютерная техника
0008-81|ПЭВМ Aquarius Std S20 S61 Aquarius (с пониж уровнем шума)|1013414927|шт.|54800.0|1.0|54800.0|07060000000000000.1.101.34.000|с/б 214070969- мон AAUE49A00 ибп 5S1347T2|101.0||||Компьютерная техника
0008-82|ПЭВМ Aquarius Std S20 S61 Aquarius (с пониж уровнем шума)|1013414928|шт.|54800.0|1.0|54800.0|07060000000000000.1.101.34.000|с/б 214070969- мон AAUE49A00 ибп 5S1347T2|101.0||||Компьютерная техника
0008-83|ПЭВМ Aquarius Std S20 S61 Aquarius (с пониж уровнем шума)|1013414929|шт.|54800.0|1.0|54800.0|07060000000000000.1.101.34.000|с/б 214070969- мон AAUE49A00 ибп 5S1347T2|101.0||||Компьютерная техника
0008-84|ПЭВМ Aquarius Std S20 S61 Aquarius (с пониж уровнем шума)|1013414930|шт.|54800.0|1.0|54800.0|07060000000000000.1.101.34.000|с/б 214070969- мон AAUE49A00 ибп 5S1347T2|101.0||||Компьютерная техника
0008-85|ПЭВМ Aquarius Std S20 S61 Aquarius (с пониж уровнем шума)|1013414932|шт.|54800.0|1.0|54800.0|07060000000000000.1.101.34.000|с/б 214070969- мон AAUE49A00 ибп 5S1347T1|101.0||||Компьютерная техника
0008-86|ПЭВМ Aquarius Std S20 S61 Aquarius (с пониж уровнем шума)|1013414933|шт.|54800.0|1.0|54800.0|07060000000000000.1.101.34.000|с/б 214070969- мон AAUE49A00 ибп 5S1347T2|101.0||||Компьютерная техника
0008-87|ПЭВМ СП И СИ в составе:Aquarius std s20 s61 (mdt_450/x_e3-1245v/2d4096diii_1333/gt610/s1000_7200/drw/sb/nic/kmopt/w7p/mpe10)24 ЖК монитор Benq gl2450hm  ибп UPS 620VA Smart apc <sc620i>|1013412913|шт.|51043.5|1.0|51043.5|07060000000000000.1.101.34.000|с/б 213090243-, мон ETN5D0594, ИБП 5S1248TO, клав 901992106996, мышь 9021376071991|101.0||||Компьютерная техника
0008-88|ПЭВМ СП И СИ в составе:Aquarius std s20 s61 (mdt_450/x_e3-1245v/2d4096diii_1333/gt610/s1000_7200/drw/sb/nic/kmopt/w7p/mpe10)24 ЖК монитор Benq gl2450hm  ибп UPS 620VA Smart apc <sc620i>|1013412914|шт.|51043.5|1.0|51043.5|07060000000000000.1.101.34.000|с/б 213090243-, мон ETN5D0483, ИБП 5S1248TO, клав 901992106996, мышь 9021376071991|101.0||||Компьютерная техника
0008-89|ПЭВМ СП И СИ в составе:Aquarius std s20 s61 (mdt_450/x_e3-1245v/2d4096diii_1333/gt610/s1000_7200/drw/sb/nic/kmopt/w7p/mpe10)24 ЖК монитор Benq gl2450hm  ибп UPS 620VA Smart apc <sc620i>|1013412915|шт.|51043.5|1.0|51043.5|07060000000000000.1.101.34.000|с/б 213090243-, мон ETN5D0303, ИБП 5S1248TO, клав 901992106996, мышь 9021376071991|101.0||||Компьютерная техника
0008-90|ПЭВМ СП И СИ в составе:Aquarius std s20 s61 (mdt_450/x_e3-1245v/2d4096diii_1333/gt610/s1000_7200/drw/sb/nic/kmopt/w7p/mpe10)24 ЖК монитор Benq gl2450hm  ибп UPS 620VA Smart apc <sc620i>|1013412916|шт.|51043.5|1.0|51043.5|07060000000000000.1.101.34.000|с/б 213090243-, мон ETN5D0483, ИБП 5S1248TO, клав 901992106996, мышь 9021376071991|101.0||||Компьютерная техника
0008-91|ПЭВМ СП И СИ в составе:Aquarius std s20 s61 (mdt_450/x_e3-1245v/2d4096diii_1333/gt610/s1000_7200/drw/sb/nic/kmopt/w7p/mpe10)24 ЖК монитор Benq gl2450hm  ибп UPS 620VA Smart apc <sc620i>|1013412917|шт.|51043.5|1.0|51043.5|07060000000000000.1.101.34.000|с/б 213090243-, мон ETN5D0595, ИБП 5S1248TO, клав 901992106996, мышь 9021376071991|101.0||||Компьютерная техника
0008-92|ПЭВМ СП И СИ в составе:Aquarius std s20 s61 (mdt_450/x_e3-1245v/2d4096diii_1333/gt610/s1000_7200/drw/sb/nic/kmopt/w7p/mpe10)24 ЖК монитор Benq gl2450hm  ибп UPS 620VA Smart apc <sc620i>|1013412918|шт.|51043.5|1.0|51043.5|07060000000000000.1.101.34.000|с/б 213090243-, мон ETN5D0241, ИБП 5S1248TO, клав 901992106996, мышь 9021376071991|101.0||||Компьютерная техника
0008-93|ПЭВМ СП И СИ в составе:Aquarius std s20 s61 (mdt_450/x_e3-1245v/2d4096diii_1333/gt610/s1000_7200/drw/sb/nic/kmopt/w7p/mpe10)24 ЖК монитор Benq gl2450hm  ибп UPS 620VA Smart apc <sc620i>|1013412919|шт.|51043.5|1.0|51043.5|07060000000000000.1.101.34.000|с/б 213090243-, мон ETN5D0485, ИБП 5S1248TO, клав 901992106996, мышь 9021376071991|101.0||||Компьютерная техника
0008-94|ПЭВМ СП И СИ в составе:Aquarius std s20 s61 (mdt_450/x_e3-1245v/2d4096diii_1333/gt610/s1000_7200/drw/sb/nic/kmopt/w7p/mpe10)24 ЖК монитор Benq gl2450hm  ибп UPS 620VA Smart apc <sc620i>|1013412920|шт.|51043.5|1.0|51043.5|07060000000000000.1.101.34.000|с/б 213090243-, мон ETN5D0484, ИБП 5S1248TO, клав 901992106996, мышь 9021376071991|101.0||||Компьютерная техника
0008-95|ПЭВМ СП И СИ в составе:Aquarius std s20 s61 (mdt_450/x_e3-1245v/2d4096diii_1333/gt610/s1000_7200/drw/sb/nic/kmopt/w7p/mpe10)24 ЖК монитор Benq gl2450hm  ибп UPS 620VA Smart apc <sc620i>|1013412921|шт.|51043.5|1.0|51043.5|07060000000000000.1.101.34.000|с/б 213090243-, мон ETN5D0110, ИБП 5S1248TO, клав 901992106996, мышь 9021376071991|101.0||||Компьютерная техника
0008-96|ПЭВМ СП И СИ в составе:Aquarius std s20 s61 (mdt_450/x_e3-1245v/2d4096diii_1333/gt610/s1000_7200/drw/sb/nic/kmopt/w7p/mpe10)24 ЖК монитор Benq gl2450hm  ибп UPS 620VA Smart apc <sc620i>|1013412922|шт.|51043.5|1.0|51043.5|07060000000000000.1.101.34.000|с/б 213090243-, мон ETN5D0594, ИБП 5S1248TO, клав 901992106996, мышь 9021376071991|101.0||||Компьютерная техника
0008-97|ПЭВМ СП И СИ в составе:Aquarius std s20 s61 (mdt_450/x_e3-1245v/2d4096diii_1333/gt610/s1000_7200/drw/sb/nic/kmopt/w7p/mpe10)24 ЖК монитор Benq gl2450hm  ибп UPS 620VA Smart apc <sc620i>|1013412923|шт.|51043.5|1.0|51043.5|07060000000000000.1.101.34.000|с/б 213090243-, мон ETN5D0010, ИБП 5S1248TO, клав 901992106996, мышь 9021376071991|101.0||||Компьютерная техника
0001-19|Рабочее место преподавателя (ауд. № 432 корп. № 9) в составе: стол Кафедра -1 шт., сетевая камера AXIS P3354 -1 шт., шкаф монтажный WX 13U APC AR100HD -1 шт., полка монтажная APC AR8105DLK -1 шт., блок вентиляторов APS ACF304 -1 шт., 19 блок розеток Hyperline DP-RP-09-SCHU тип Schucko -1 шт., Blu-ray Disc/DVD Player LG BP420K -1 шт., Ethernet коммутатор Catalyst 2960 24 10/100 Cisco WS-C2960-24LT-L -1 шт., SFP модуль Cicso GLC-LH-SM= -1 шт., оптический адаптер Duplex SC Molex -6 шт., конвертор Allid Telesyn AT-MC1008 -1 шт., система управления на базе проводной сенсорной панели -1 шт., в составе: проводная сенсорная панель CUE Elite-S-7-W - 1 шт.; контролёр ipCUE-sigma - 1 шт.; системный блок на базе ПК Р2-650, источник бесперебойного питания APC Smart-UPS 3000VA -1 шт., монитор 19” DELL P1913Sf -1 шт., клавиатура LOGITECH -1 шт., мышь LOGITECH -1 шт.|1013426552|шт.|686608.53|1.0|686608.53|07060000000000000.1.101.34.000|шк. DN135011, DVD 405HZST00, ком. FCQ1729X18K, мод. FNS17250CBW, кон.  A04291G13480 C, ибп AS131013, мон. CN-006YHW-7-2CR-5G7U, кл. 1406MG01D1E8, мышь 4.2, c/б 4.3|101.0||||Мебель
0001-20|Рабочее место преподавателя (ауд. № 434 корп. № 9) в составе: стол Кафедра -1 шт., сетевая камера AXIS P3354 -1 шт., шкаф монтажный WX 13U APC AR100HD -1 шт., полка монтажная APC AR8105DLK -1 шт., блок вентиляторов APS ACF304 -1 шт., 19 блок розеток Hyperline DP-RP-09-SCHU тип Schucko -1 шт., Blu-ray Disc/DVD Player LG BP420K -1 шт., Ethernet коммутатор Catalyst 2960 24 10/100 Cisco WS-C2960-24LT-L -1 шт., SFP модуль Cicso GLC-LH-SM= -1 шт., оптический адаптер Duplex SC Molex -6 шт., конвертор Allid Telesyn AT-MC1008 -1 шт., система управления на базе проводной сенсорной панели -1 шт., в составе: проводная сенсорная панель CUE Elite-S-7-W - 1 шт.; контролёр ipCUE-sigma - 1 шт.; системный блок на базе ПК Р2-650, источник бесперебойного питания APC Smart-UPS 3000VA -1 шт., монитор 19” DELL P1913Sf -1 шт., клавиатура LOGITECH -1 шт., мышь LOGITECH -1 шт.|1013426553|шт.|686608.53|1.0|686608.53|07060000000000000.1.101.34.000|шк. DN134911, DVD 405HZJB00, ком. FCQ1729Y190, мод. FNS172620Q8, кон.  A04291G13480 C, ибп B2132000, мон. CN-0V60JY-7-38N-C7LL, кл. 1407MG0063B8, мышь 4.2, c/б 4.3|101.0||||Мебель
0003-22|Разветвитель VGA Gembird GVS 124/20 1:4|31/2/425|шт|600.0|1.0|600.0|07060000000000000.1.105.36.000||105.0||||Прочее
0006-11|Ресивер Pioneer VCX-417-s|00004027|шт.|8649.0|1.0|8649.0|07060000000000000.1.101.34.000|GHMP019626YY|101.0|2008.0|||Аудио и видео оборудование
0008-98|Сервер, в составе: сервер Kraftway GEG Express 100 ED22 (в ком-те с клав., мышь), Монитор ViewSonic VA703b|00004025|шт.|146667.0|1.0|146667.0|07060000000000000.1.101.34.000|с/б 001039, монит  Q8507358,клав 7G05902916B,мышь 070600|101.0||||Компьютерная техника
0014-8|Сервер (Tower/4U,2xSilver4214(12 cores 2/20/3/20 Ghz 16/5 MB), 8*64 Gb  RDIMM DDR4-3200, 14*2.4TB SAS 10K,2*1920Gb SSD SATA , LSI9460-16i,CVPM,2*10GbE SFP+,2xV100S-32GB,2*2200W) в составе:|1013433705|шт.|5216000.0|1.0|5216000.0|07060000000000000.1.101.34.000|S4S-7049GP-TRT|101.0|2023.0|||Специальное оборудование
0014-9|Сервер - раздатчик ОРД IBMx3650M3|1013812289|шт.|171151.0|1.0|171151.0|07060000000000000.1.101.38.000|б/н|101.0|2013.0|||Специальное оборудование
0014-10|Сервер - раздатчик ОРД IBMx3650M3|1013812290|шт.|171151.0|1.0|171151.0|07060000000000000.1.101.38.000|б/н|101.0|2013.0|||Специальное оборудование
0014-11|сервер сп и си в составе aquarius srv e30 d 15 (1*2620/2ddr3 8192/raid/drw/4s2000_7200/vint/rail-kit/km/ldsm)-1шт|1013413147|шт.|179100.0|1.0|179100.0|07060000000000000.1.101.34.000|213082343-|101.0||||Специальное оборудование
0014-12|Серверное и коммутативное оборудование|1013410884|шт.|4813955.21|1.0|4813955.21|07060000000000000.1.101.34.000|сервер- 001062,001062, консоль-А1896009СВV,ИБПJS084700,коммутатор FDO1252Y4GZ,модуль А29,А29|101.0||||Специальное оборудование
0005-20|Сетевой коммутатор Cisco WS-C3750X-24S V04|1013428179|шт.|249672.0|1.0|249672.0|07060000000000000.1.101.34.000|s/n FDO1731P07N|101.0|2016.0|||Электроника
0003-23|Сетевой фильтр Pilot Pro, 5 м Страна происхождения -Российская Федерация|БУ-000000000054753|шт.|1333.18|4.0|5332.72|1.21.36||21.0||||Прочее
0006-12|Система видео-отображения (ауд. № 432 корп. № 9) в составе: LCD панель 55 NEC P533 -1 шт., удлинитель видеосигнала по витой паре HDMI (приёмник) Kramer TP-574 -1 шт., многооконный видео процессор Analog Way Pulse 300 -1 шт., удлинитель видеосигнала по витой паре HDMI (передатчик) Kramer TP-573 -1 шт., кронштейн настенный для ТВ Kromax Star-20 -1 шт.|1013426711|шт.|1026366.33|1.0|1026366.33|07060000000000000.1.101.34.000|пр. CN|101.0||||Аудио и видео оборудование
0006-13|Система видео-отображения (ауд. № 434 корп. № 9) в составе: LCD панель 55 NEC P533 -1 шт., удлинитель видеосигнала по витой паре HDMI (приёмник) Kramer TP-574 -1 шт., многооконный видео процессор Analog Way Pulse 300 -1 шт., удлинитель видеосигнала по витой паре HDMI (передатчик) Kramer TP-573 -1 шт., кронштейн настенный для ТВ Kromax Star-20 -1 шт.|1013426712|шт.|1026366.33|1.0|1026366.33|07060000000000000.1.101.34.000|пр. CN|101.0||||Аудио и видео оборудование
0008-99|Сканер Hewlett Packard Scanjet G3110|1013410896|шт.|23750.2|1.0|23750.2|07060000000000000.1.101.34.000|б/н|101.0|2008.0|||Компьютерная техника
0013-6|Сплит-система GC-EAF18HR/GU-EAF18H Заключение по результатам СП от 01.07.2021 № 149/5/2/1709, Заключение по результатам СИ от 07.07.2021 № 149/5/3/1158|1013431963|шт.|39801.0|1.0|39801.0|07060000000000000.1.101.34.000|внутр. 4Н2670000, внеш. 4G3600000|101.0||||Бытовая техника
0013-7|Сплит-система GC-EAF18HR/GU-EAF18H Заключение по результатам СП от 01.07.2021 № 149/5/2/1709, Заключение по результатам СИ от 07.07.2021 № 149/5/3/1158|1013431979|шт.|39801.0|1.0|39801.0|07060000000000000.1.101.34.000|внутр. 4Н2670000, внеш. 4G3600000|101.0||||Бытовая техника
0013-8|Сплит-система General Climatе GC-ЕАF12HR/GU-ЕАF12Н (СП от 27.04.2018 №149/5/2/787, СИ от 08.05.2018 №149/5/3/691)|1013619126|шт.|29264.38|1.0|29264.38|07060000000000000.1.101.36.000|4Н2667000/4G3567002|101.0||||Бытовая техника
0013-9|Сплит-система Tosiba RAS-13 SКVR-Е2 спец пр.|1013612219|шт.|15000.0|1.0|15000.0|07060000000000000.1.101.36.000|1260/1260|101.0||||Бытовая техника
0009-9|Средства скрепления и склеивания Fujipla LPD 2315|1013415332|шт.|5610.0|1.0|5610.0|07060000000000000.1.101.34.000|б/н|101.0|2015.0|||Офисные принадлежности
0001-21|СТ-114 Стол письменный с подкатной тумбой на 3 ящика, бук Бавария|1013614831|шт.|3203.2|1.0|3203.2|07060000000000000.1.101.36.000||101.0|2014.0|||Мебель
0001-22|СТ-114 Стол письменный с подкатной тумбой на 3 ящика, бук Бавария|1013614832|шт.|3203.2|1.0|3203.2|07060000000000000.1.101.36.000||101.0|2014.0|||Мебель
0001-23|СТ-114 Стол письменный с подкатной тумбой на 3 ящика, бук Бавария|1013614833|шт.|3203.2|1.0|3203.2|07060000000000000.1.101.36.000||101.0|2014.0|||Мебель
0001-24|СТ-114 Стол письменный с подкатной тумбой на 3 ящика, бук Бавария|1013614834|шт.|3203.2|1.0|3203.2|07060000000000000.1.101.36.000||101.0|2014.0|||Мебель
0001-25|СТ-114 Стол письменный с подкатной тумбой на 3 ящика, бук Бавария|1013614835|шт.|3203.2|1.0|3203.2|07060000000000000.1.101.36.000||101.0|2014.0|||Мебель
0001-26|СТ-114 Стол письменный с подкатной тумбой на 3 ящика, бук Бавария|1013614836|шт.|3203.2|1.0|3203.2|07060000000000000.1.101.36.000||101.0|2014.0|||Мебель
0009-10|Степлер SAX 39(N24/6) до 25 листов черный Австрия/Венгрия|УПД 4617|шт|275.33|23.0|6332.59|07060000000000000.1.105.36.000||105.0||||Офисные принадлежности
0009-11|Степлер № 24/6|23/3/1-156|шт|78.54|5.0|392.7|07060000000000000.1.105.36.000||105.0||||Офисные принадлежности
0009-12|Степлер-брошюровщик, № 24/6, до 25л|БУ-00288186|шт|400.41|1.0|400.41|07060000000000000.1.105.36.000||105.0||||Офисные принадлежности
0001-27|Стойка для установки мультимедийного оборудования, цвет Орех (СП и ССтойка для установки мультимедийного оборудования, цвет Орех (СП и СИ) комплек|1010400767|шт.|283755.31|1.0|283755.31|07060000000000000.1.101.34.000|б/н|101.0||||Мебель
0001-28|Стойка напольная Promega office раздвижная двусторонняя серая 05-025|БУ-00288708|шт|891.0|5.0|4455.0|07060000000000000.1.105.36.000||105.0||||Мебель
0001-29|Стол компьютерный 1-местный 1200*700*750|002465_4|шт.|1388.86|9.0|12499.74|1.02.36||2.0||||Мебель
0001-30|Стол компьютерный с нишей под сист. блок|С003121054|шт.|2430.0|1.0|2430.0|1.21.36|б/н|21.0||||Мебель
0001-31|Стол компьютерный с подвесной тумбой под системный блок|01110106000871|шт.|640.0|12.0|7680.0|1.21.36||21.0||||Мебель
0001-32|Стол компьютерный со встроенной нишей|21458__4|шт.|1745.0|2.0|3490.0|1.21.36||21.0||||Мебель
0001-33|Стол лабораторный|21453__4|шт.|2980.18|16.0|47682.89|1.21.36||21.0||||Мебель
0001-34|Стол письменный с подкатной тумбой на 3 - ящиковый|21465__4|шт.|2640.0|2.0|5280.0|1.21.36||21.0||||Мебель
0001-35|Стол письменный с подкатной тумбой на 3 ящика|1013614346|шт.|4604.16|1.0|4604.16|07060000000000000.1.101.36.000||101.0|2013.0|||Мебель
0001-36|Стол письменный с подкатной тумбой на 3 ящика|1013614379|шт.|4604.16|1.0|4604.16|07060000000000000.1.101.36.000||101.0|2013.0|||Мебель
0001-37|Стол письменный с подкатной тумбой на 3 ящика|1013614380|шт.|4604.16|1.0|4604.16|07060000000000000.1.101.36.000||101.0|2013.0|||Мебель
0001-38|Стол письменный с подкатной тумбой на 3 ящика|1013614381|шт.|4604.16|1.0|4604.16|07060000000000000.1.101.36.000||101.0|2013.0|||Мебель
0001-39|Стол письменный с подкатной тумбой на 3 ящика|1013614382|шт.|4604.16|1.0|4604.16|07060000000000000.1.101.36.000||101.0|2013.0|||Мебель
0001-40|Стол письменный с подкатной тумбой на 3 ящика|1013614383|шт.|4604.16|1.0|4604.16|07060000000000000.1.101.36.000||101.0|2013.0|||Мебель
0001-41|Стол письменный с подкатной тумбой на 3 ящика|1013614384|шт.|4604.16|1.0|4604.16|07060000000000000.1.101.36.000||101.0|2013.0|||Мебель
0001-42|Стол письменный с подкатной тумбой на 3 ящика|1013614385|шт.|4604.16|1.0|4604.16|07060000000000000.1.101.36.000||101.0|2013.0|||Мебель
0001-43|Стол письменный с подкатной тумбой на 3 ящика|1013614386|шт.|4604.16|1.0|4604.16|07060000000000000.1.101.36.000||101.0|2013.0|||Мебель
0001-44|Стол ученический|С003121116|шт.|1500.0|15.0|22500.0|1.21.36||21.0||||Мебель
0010-45|Структурированная кабельная система|1013410882|шт.|1067630.0|1.0|1067630.0|07060000000000000.1.101.34.000|б/н|101.0|2008.0|||Расходные материалы
0001-45|Стул 6 гр|002780_4|шт.|378.78|15.0|5681.7|1.21.36||21.0||||Мебель
0001-46|Стул на мет. каркасе ГОЗ|0509145_4|шт.|383.5|14.0|5369.0|1.21.36||21.0||||Мебель
0001-47|Стул п/мягкий на мет. каркасе|002050_4|шт.|404.19|7.0|2829.33|1.02.36||2.0||||Мебель
0001-48|Стул п/мягкий на мет. каркасе|012647_4|шт.|413.0|1.0|413.0|1.21.36||21.0|2008.0|||Мебель
0001-49|Стул п/мягкий на мет. каркасе|012648_4|шт.|413.0|1.0|413.0|1.21.36||21.0|2008.0|||Мебель
0001-50|Стул п/мягкий на мет. каркасе|012649_4|шт.|413.0|1.0|413.0|1.21.36||21.0|2008.0|||Мебель
0001-51|Стул п/мягкий на мет. каркасе|012650_4|шт.|413.0|1.0|413.0|1.21.36||21.0|2008.0|||Мебель
0001-52|Стул п/мягкий на мет. каркасе|21447__4|шт.|395.3|8.0|3162.4|1.21.36||21.0||||Мебель
0001-53|Стул п/мягкий на мет. каркасе|21448__4|шт.|395.3|4.0|1581.2|1.21.36||21.0||||Мебель
0001-54|Стул полумягкий  на металлокаркасе, кож. зам. черный|С003124240|шт.|677.01|2.0|1354.02|1.21.36||21.0||||Мебель
0001-55|Стул полумягкий  на металлокаркасе|С003124921|шт.|683.85|17.0|11625.45|1.21.36|б/н|21.0||||Мебель
0001-56|Стул полумягкий на мет. каркасе СМ-7|С003129588|шт.|552.61|10.0|5526.1|1.21.36||21.0||||Мебель
0001-57|Стул ученический|С003121185|шт.|708.0|39.0|27612.0|1.21.36||21.0||||Мебель
0013-10|Телевизор Yuno (50) Заключение по результатам СП ТС от 12.03.2022 № 149/5/2/427,Заключение по результатам СИ ТС от 22.03.2022 № 149/5/3/490|1013432767|шт.|24000.0|1.0|24000.0|07060000000000000.1.101.34.000||101.0||||Бытовая техника
0013-11|Телевизор Yuno (50) Заключение по результатам СП ТС от 12.03.2022 № 149/5/2/427,Заключение по результатам СИ ТС от 22.03.2022 № 149/5/3/490|1013432768|шт.|24000.0|1.0|24000.0|07060000000000000.1.101.34.000||101.0|2022.0|||Бытовая техника
0014-13|Терминальная станция для обработки информации в с-ве:Терминальное устройство /SUN-NTC-15Z-00-MF1/Sun Ray 2FS, клав. мышь,Смарт-карта ACOS3, ПОЦиркон-|1010400922|шт.|66000.0|1.0|66000.0|07060000000000000.1.101.34.000|0924BE81A0|101.0|2010.0|||Специальное оборудование
0014-14|Терминальная станция для обработки информации в с-ве:Терминальное устройство /SUN-NTC-15Z-00-MF1/Sun Ray 2FS, клав. мышь,Смарт-карта ACOS3, ПОЦиркон-|1010400925|шт.|66000.0|1.0|66000.0|07060000000000000.1.101.34.000|0924BE81CB|101.0|2010.0|||Специальное оборудование
0014-15|Терминальная станция для обработки информации в с-ве:Терминальное устройство /SUN-NTC-15Z-00-MF1/Sun Ray 2FS, клав. мышь,Смарт-карта ACOS3, ПОЦиркон-|1010400926|шт.|66000.0|1.0|66000.0|07060000000000000.1.101.34.000|0924BE815F|101.0|2010.0|||Специальное оборудование
0014-16|Технологическая станция Aquarius|1013417257|шт.|53917.0|1.0|53917.0|07060000000000000.1.101.34.000||101.0|2012.0|||Специальное оборудование
0007-7|Типовая ПЭВМ процессорной архитектуры х 86 в напольном исполнении Альтаир-02В, КРПЕ.466535.028-05 в составе:|1013424729|шт.|818384.79|1.0|818384.79|07060000000000000.1.101.34.000|сервер-001180, ИБП-001182, мышь-КWМ191200, кл.-КWК191200, мон.-001179|101.0||||АП
0007-8|Типовая ПЭВМ процессорной архитектуры х 86 в напольном исполнении Альтаир-02В, КРПЕ.466535.028-05 в составе:|1013424731|шт.|818384.79|1.0|818384.79|07060000000000000.1.101.34.000|серв.:001180, ИБП:001182, мышь:KWM182300, клав.:KWK191200, мон.:001179|101.0||||АП
0010-46|Тонер-картридж DeltaCopiers ML- D3470A черный|т.н.41|шт|1000.0|1.0|1000.0|1.02.6||2.0||||Расходные материалы
0010-47|Тонер-картридж SP-X-3010|т.н.39|шт|297.28|2.0|594.56|1.02.6||2.0||||Расходные материалы
0010-48|Тонер-картридж НР Black C7115A|31/2/4366|шт|1584.0|1.0|1584.0|1.02.6||2.0||||Расходные материалы
0009-13|Точилка механическая Deli, 1 отв., в картонной коробке, черный|БУ-00289095||591.8|4.0|2367.2|07060000000000000.1.105.36.000||105.0||||Офисные принадлежности
0001-58|Тумба выкатная|003170_4|шт.|1451.99|2.0|2903.98|1.02.36||2.0||||Мебель
|Уни|1010400766|шт.|409960.92|1.0|409960.92|07060000000000000.1.101.34.000|б/н|101.0|2010.0|||
0011-8|Уничтожители документов Kobra 240C2 Н/C/240C2 Turbo'|410104002304|шт.|20753.0|1.0|20753.0|07060000000000000.1.101.34.000|б/н|101.0|2010.0|||Офисное оборудование
0011-9|Уничтожитель бумаги IDEAL 2400 CC|000555_4|шт.|20520.5|1.0|20520.5|07060000000000000.1.101.36.000|267|101.0||||Офисное оборудование
0011-10|Уничтожитель документов KOBRA 240 C2 СП|1010400201|шт.|22055.0|1.0|22055.0|07060000000000000.1.101.34.000|б/н|101.0|2010.0|||Офисное оборудование
0011-11|Уничтожитель документов Piranha Disc CC|00007917|шт.|2954.0|1.0|2954.0|1.21.34|б/н|21.0||||Офисное оборудование
0006-14|Усилитель мощности Pioner a-30|1013415406|шт.|5400.0|1.0|5400.0|07060000000000000.1.101.34.000|б/н|101.0|2015.0|||Аудио и видео оборудование
0006-15|Усилитель распределитель VGA сигналов|00003633|шт.|3851.54|1.0|3851.54|07060000000000000.1.101.34.000|б/н|101.0|2007.0|||Аудио и видео оборудование
0006-16|Усилитель распределитель VGA сигналов|00003634|шт.|3851.54|1.0|3851.54|07060000000000000.1.101.34.000|б/н|101.0|2007.0|||Аудио и видео оборудование
0006-17|Усилитель распределитель VGA сигналов|00003635|шт.|3851.54|1.0|3851.54|07060000000000000.1.101.34.000|б/н|101.0|2007.0|||Аудио и видео оборудование
0006-18|Усилитель распределитель VGA сигналов|00003636|шт.|3851.54|1.0|3851.54|07060000000000000.1.101.34.000|б/н|101.0|2007.0|||Аудио и видео оборудование
0006-19|Усилитель распределитель VGA сигналов|00003637|шт.|3851.54|1.0|3851.54|07060000000000000.1.101.34.000|б/н|101.0|2007.0|||Аудио и видео оборудование
0006-20|Усилитель распределитель VGA сигналов|00003638|шт.|3851.54|1.0|3851.54|07060000000000000.1.101.34.000|б/н|101.0|2007.0|||Аудио и видео оборудование
0006-21|Усилитель распределитель VGA сигналов|00003639|шт.|3851.54|1.0|3851.54|07060000000000000.1.101.34.000|б/н|101.0|2007.0|||Аудио и видео оборудование
0006-22|Усилитель распределитель VGA сигналов|00003640|шт.|3851.54|1.0|3851.54|07060000000000000.1.101.34.000|б/н|101.0|2007.0|||Аудио и видео оборудование
0008-100|Устройство лазерного типа Alpec Ultimat Pointer|410104002254|шт.|745.0|1.0|745.0|1.21.34|б/н|21.0||||Компьютерная техника
0008-101|Устройство лазерного типа Alpec Ultimat Pointer|410104002255|шт.|745.0|1.0|745.0|1.21.34|б/н|21.0||||Компьютерная техника
0001-59|Ф/рамка Interion Office 284 21х30 (А4) бирюза|БУ-00291055|шт|113.0|30.0|3390.0|07060000000000000.1.105.36.000||105.0||||Мебель
0002-75|Флеш Диск Kingston 128 Gb Data Traveler Micro DTMC3G2/128GB USB 3.2 серебристый ( зав. 21-1099)|БУ-000000000058217|шт.|3500.0|1.0|3500.0|1.21.34||21.0||||Накопитель
0002-76|Флеш Диск Kingston 128 Gb Data Traveler Micro DTMC3G2/128GB USB 3.2 серебристый ( зав. 21-1100)|БУ-000000000058216|шт.|3500.0|1.0|3500.0|1.21.34||21.0||||Накопитель
0002-77|Флеш накопитель Silicon Power Ultima Flash Drive 4 Gb (СП)|00-000000000006571|шт.|630.0|1.0|630.0|1.21.38|б/н|21.0||||Накопитель
0002-78|Флеш-накопитель Flash Drive Transcend 64 Gd JetFlash 600 USB2.0|БУ-000000000055418|шт.|3631.71|1.0|3631.71|1.21.34||21.0||||Накопитель
0002-79|Флеш-накопитель Flash Drive Transcend 64 Gd JetFlash 600 USB2.0|БУ-000000000055419|шт.|3631.71|1.0|3631.71|1.21.34||21.0||||Накопитель
0007-9|Фотоаппарат УЦЗ Cannon G6|10104243|шт.|29791.41|1.0|29791.41|07060000000000000.1.101.34.000|б/н|101.0|2005.0|||АП
0013-12|Холодильник Смоленск 3-м|01387365|шт.|1377.09|1.0|1377.09|1.21.34|7|21.0||||Бытовая техника
0008-102|Цефей-01|1013434075|шт.|181062.94|1.0|181062.94|07060000000000000.1.101.34.000|1280|101.0||||Компьютерная техника
0008-103|Цефей-01|1013434076|шт.|181062.94|1.0|181062.94|07060000000000000.1.101.34.000|1280|101.0||||Компьютерная техника
0008-104|Цефей-01|1013434077|шт.|181062.94|1.0|181062.94|07060000000000000.1.101.34.000|1280|101.0||||Компьютерная техника
0008-105|Цефей-01|1013434078|шт.|181062.94|1.0|181062.94|07060000000000000.1.101.34.000|1280|101.0||||Компьютерная техника
0008-106|Цефей-01|1013434079|шт.|181062.94|1.0|181062.94|07060000000000000.1.101.34.000|1280|101.0||||Компьютерная техника
0003-24|Швабра деревянная с ручкой 120 см|ПА 79|шт.|66.7|4.0|266.8|07060000000000000.1.105.36.000||105.0||||Прочее
0002-80|Широкоформатный плоттер HP DesignJet T770 (cn375) Кабель USB2.0 A-B 1.8 м (вложен в принтер) СП|1013401548|шт.|129446.0|1.0|129446.0|07060000000000000.1.101.34.000|CNBK4H031|101.0|2012.0|||Накопитель
0001-60|ШК-201 Шкаф для одежды, бук Бавария|1013614934|шт.|5395.0|1.0|5395.0|07060000000000000.1.101.36.000||101.0|2014.0|||Мебель
0001-61|ШК-201 Шкаф для одежды, бук Бавария|1013614935|шт.|5395.0|1.0|5395.0|07060000000000000.1.101.36.000||101.0|2014.0|||Мебель
0001-62|ШК-201 Шкаф для одежды, бук Бавария|1013614936|шт.|5395.0|1.0|5395.0|07060000000000000.1.101.36.000||101.0|2014.0|||Мебель
0001-63|ШК-201 Шкаф для одежды, бук Бавария|1013614937|шт.|5395.0|1.0|5395.0|07060000000000000.1.101.36.000||101.0|2014.0|||Мебель
0001-64|ШК-201 Шкаф для одежды, бук Бавария|1013614938|шт.|5395.0|1.0|5395.0|07060000000000000.1.101.36.000||101.0|2014.0|||Мебель
0001-65|ШК-201 Шкаф для одежды, бук Бавария|1013614939|шт.|5395.0|1.0|5395.0|07060000000000000.1.101.36.000||101.0|2014.0|||Мебель
0001-66|ШК-212 Шкаф канцелярский двухсекционный со стеклом, бук Бавария|1013614965|шт.|5928.0|1.0|5928.0|07060000000000000.1.101.36.000||101.0|2014.0|||Мебель
0001-67|ШК-212 Шкаф канцелярский двухсекционный со стеклом, бук Бавария|1013614966|шт.|5928.0|1.0|5928.0|07060000000000000.1.101.36.000||101.0|2014.0|||Мебель
0001-68|ШК-212 Шкаф канцелярский двухсекционный со стеклом, бук Бавария|1013614967|шт.|5928.0|1.0|5928.0|07060000000000000.1.101.36.000||101.0|2014.0|||Мебель
0001-69|ШК-212 Шкаф канцелярский двухсекционный со стеклом, бук Бавария|1013614968|шт.|5928.0|1.0|5928.0|07060000000000000.1.101.36.000||101.0|2014.0|||Мебель
0001-70|ШК-212 Шкаф канцелярский двухсекционный со стеклом, бук Бавария|1013614969|шт.|5928.0|1.0|5928.0|07060000000000000.1.101.36.000||101.0|2014.0|||Мебель
0001-71|ШК-212 Шкаф канцелярский двухсекционный со стеклом, бук Бавария|1013614970|шт.|5928.0|1.0|5928.0|07060000000000000.1.101.36.000||101.0|2014.0|||Мебель
0001-72|Шкаф Black Premium, 27 U 1387*600*100 мм, разборный черный двухдверный (СП)|1013413158|шт.|27177.7|1.0|27177.7|07060000000000000.1.101.34.000|б/н|101.0|2014.0|||Мебель
0001-73|Шкаф ZPAS SZB-142-G7AA-23-0000(10U600*600)|610109000376|шт.|18681.0|1.0|18681.0|07060000000000000.1.101.38.000|б/н|101.0|2008.0|||Мебель
0001-74|Шкаф для одежды 2-х створчатый|БУ-000000000044886|шт.|2728.0|2.0|5456.0|1.21.36||21.0||||Мебель
0001-75|Шкаф канцелярский 2-створчатый (800х404х1900)|БУ-000000000044887|шт.|3237.0|2.0|6474.0|1.21.36||21.0||||Мебель
0001-76|Шкаф КМ-031 металический|01662088|шт.|6500.1|1.0|6500.1|07060000000000000.1.101.36.000||101.0|2001.0|||Мебель
0001-77|Шкаф металлич. 2-ШМО-2|3_10167709|шт.|0.5|4.0|2.0|1.21.36||21.0||||Мебель
0001-78|Шкаф металлич. настольный|3_10167704|шт.|0.5|1.0|0.5|1.21.36||21.0||||Мебель
0001-79|Шкаф металлич. №10|3_10167708|шт.|1.0|3.0|3.0|1.21.36||21.0||||Мебель
0001-80|Шкаф металлич. №2 2ШО2|3_10167710|шт.|0.5|2.0|1.0|1.21.36||21.0||||Мебель
0001-81|Шкаф металлич. №3|3_10167705|шт.|0.5|1.0|0.5|1.21.36||21.0||||Мебель
0001-82|Шкаф металлический двухсекционный|1013615685|шт.|5050.0|1.0|5050.0|07060000000000000.1.101.36.000||101.0|2015.0|||Мебель
0001-83|Шкаф металлический ШР -2|0901709_4|шт.|3107.59|1.0|3107.59|07060000000000000.1.101.36.000||101.0|2001.0|||Мебель
0001-84|Шкаф металлический ШР -2|1001709_4|шт.|3107.59|1.0|3107.59|07060000000000000.1.101.36.000||101.0|2001.0|||Мебель
0012-23|Экран Projecta Master Electrol 300*500 см Matte White P с эл/приводом,(СП) компл|1010400775|шт.|145702.31|1.0|145702.31|07060000000000000.1.101.34.000|б/н|101.0||||Проекционное оборудование
0012-24|Экран Projecta Professional matte White 200x200|00001314|шт.|5334.76|1.0|5334.76|07060000000000000.1.101.34.000|б/н|101.0|2006.0|||Проекционное оборудование
0012-25|Экран Projecta Professional matte White 200x200|00001315|шт.|5334.76|1.0|5334.76|07060000000000000.1.101.34.000|б/н|101.0|2006.0|||Проекционное оборудование
0012-26|Экран переносной на штативе  Classic Gemini (1:1,203*203)|1013413255|шт.|8000.0|1.0|8000.0|07060000000000000.1.101.34.000|б/н|101.0|2014.0|||Проекционное оборудование
0012-27|Экран проекционный на штативе СlassicSolution СИ и СП|00-000000000033333|шт.|4052.5|1.0|4052.5|1.21.34||21.0||||Проекционное оборудование
0012-28|Экран проекционный на штативе СlassicSolution СИ и СП|00-000000000033334|шт.|4052.5|1.0|4052.5|1.21.34||21.0||||Проекционное оборудование
